DaystoDepart,RoundTrip,SeatClass,Time,Price
0,0,0,0,0.310572687
0,0,0,1,0.310572687
0,0,0,2,0.310572687
0,1,0,0,0.592511013
0,1,0,1,0.592511013
0,1,0,2,0.592511013
0,0,1,0,0.45814978
0,0,1,1,0.45814978
0,0,1,2,0.45814978
0,1,1,0,0.953744493
0,1,1,1,0.931718062
0,1,1,2,0.953744493
0,0,2,0,0.45814978
0,0,2,1,0.45814978
0,0,2,2,0.45814978
0,1,2,0,0.953744493
0,1,2,1,0.953744493
0,1,2,2,0.953744493
1,0,0,0,0.310572687
1,0,0,1,0.310572687
1,0,0,2,0.310572687
1,1,0,0,0.592511013
1,1,0,1,0.592511013
1,1,0,2,0.592511013
1,0,1,0,0.45814978
1,0,1,1,0.45814978
1,0,1,2,0.45814978
1,1,1,0,0.931718062
1,1,1,1,0.931718062
1,1,1,2,0.931718062
1,0,2,0,0.45814978
1,0,2,1,0.45814978
1,0,2,2,0.45814978
1,1,2,0,0.931718062
1,1,2,1,0.931718062
1,1,2,2,0.931718062
2,0,0,0,0.310572687
2,0,0,1,0.310572687
2,0,0,2,0.310572687
2,1,0,0,0.395374449
2,1,0,1,0.395374449
2,1,0,2,0.395374449
2,0,1,0,0.45814978
2,0,1,1,0.45814978
2,0,1,2,0.45814978
2,1,1,0,0.789647577
2,1,1,1,0.789647577
2,1,1,2,0.789647577
2,0,2,0,0.45814978
2,0,2,1,0.45814978
2,0,2,2,0.45814978
2,1,2,0,0.789647577
2,1,2,1,0.789647577
2,1,2,2,0.789647577
3,0,0,0,0.310572687
3,0,0,1,0.310572687
3,0,0,2,0.310572687
3,1,0,0,0.648678414
3,1,0,1,0.671806167
3,1,0,2,0.648678414
3,0,1,0,0.45814978
3,0,1,1,0.45814978
3,0,1,2,0.45814978
3,1,1,0,1
3,1,1,1,1
3,1,1,2,1
3,0,2,0,0.45814978
3,0,2,1,0.45814978
3,0,2,2,0.45814978
3,1,2,0,1
3,1,2,1,1
3,1,2,2,1
4,0,0,0,0.310572687
4,0,0,1,0.310572687
4,0,0,2,0.310572687
4,1,0,0,0.648678414
4,1,0,1,0.621145374
4,1,0,2,0.648678414
4,0,1,0,0.45814978
4,0,1,1,0.45814978
4,0,1,2,0.45814978
4,1,1,0,1
4,1,1,1,1
4,1,1,2,1
4,0,2,0,0.45814978
4,0,2,1,0.45814978
4,0,2,2,0.45814978
4,1,2,0,1
4,1,2,1,1
4,1,2,2,1
5,0,0,0,0.310572687
5,0,0,1,0.182819383
5,0,0,2,0.182819383
5,1,0,0,0.38876652
5,1,0,1,0.38876652
5,1,0,2,0.362334802
5,0,1,0,0.436123348
5,0,1,1,0.436123348
5,0,1,2,0.436123348
5,1,1,0,0.789647577
5,1,1,1,0.789647577
5,1,1,2,0.789647577
5,0,2,0,0.436123348
5,0,2,1,0.436123348
5,0,2,2,0.436123348
5,1,2,0,0.789647577
5,1,2,1,0.789647577
5,1,2,2,0.789647577
6,0,0,0,0.156387665
6,0,0,1,0.189427313
6,0,0,2,0.105726872
6,1,0,0,0.198237885
6,1,0,1,0.198237885
6,1,0,2,0.198237885
6,0,1,0,0.348017621
6,0,1,1,0.348017621
6,0,1,2,0.348017621
6,1,1,0,0.647577093
6,1,1,1,0.647577093
6,1,1,2,0.647577093
6,0,2,0,0.348017621
6,0,2,1,0.348017621
6,0,2,2,0.348017621
6,1,2,0,0.647577093
6,1,2,1,0.647577093
6,1,2,2,0.647577093
7,0,0,0,0.150881057
7,0,0,1,0.150881057
7,0,0,2,0.105726872
7,1,0,0,0.198237885
7,1,0,1,0.198237885
7,1,0,2,0.198237885
7,0,1,0,0.370044053
7,0,1,1,0.370044053
7,0,1,2,0.370044053
7,1,1,0,0.669603524
7,1,1,1,0.790748899
7,1,1,2,0.669603524
7,0,2,0,0.370044053
7,0,2,1,0.370044053
7,0,2,2,0.370044053
7,1,2,0,0.669603524
7,1,2,1,0.790748899
7,1,2,2,0.669603524
8,0,0,0,0.189427313
8,0,0,1,0.150881057
8,0,0,2,0.105726872
8,1,0,0,0.198237885
8,1,0,1,0.198237885
8,1,0,2,0.198237885
8,0,1,0,0.370044053
8,0,1,1,0.370044053
8,0,1,2,0.370044053
8,1,1,0,0.647577093
8,1,1,1,0.647577093
8,1,1,2,0.647577093
8,0,2,0,0.370044053
8,0,2,1,0.370044053
8,0,2,2,0.370044053
8,1,2,0,0.647577093
8,1,2,1,0.647577093
8,1,2,2,0.647577093
9,0,0,0,0.105726872
9,0,0,1,0.105726872
9,0,0,2,0.105726872
9,1,0,0,0.143171806
9,1,0,1,0.143171806
9,1,0,2,0.143171806
9,0,1,0,0.370044053
9,0,1,1,0.370044053
9,0,1,2,0.370044053
9,1,1,0,0.575991189
9,1,1,1,0.575991189
9,1,1,2,0.575991189
9,0,2,0,0.370044053
9,0,2,1,0.370044053
9,0,2,2,0.370044053
9,1,2,0,0.575991189
9,1,2,1,0.575991189
9,1,2,2,0.575991189
10,0,0,0,0.150881057
10,0,0,1,0.188325991
10,0,0,2,0.105726872
10,1,0,0,0.313876652
10,1,0,1,0.45154185
10,1,0,2,0.399779736
10,0,1,0,0.370044053
10,0,1,1,0.370044053
10,0,1,2,0.370044053
10,1,1,0,0.81277533
10,1,1,1,0.81277533
10,1,1,2,0.81277533
10,0,2,0,0.370044053
10,0,2,1,0.370044053
10,0,2,2,0.370044053
10,1,2,0,0.81277533
10,1,2,1,0.81277533
10,1,2,2,0.81277533
11,0,0,0,0.189427313
11,0,0,1,0.134361233
11,0,0,2,0.105726872
11,1,0,0,0.287444934
11,1,0,1,0.309471366
11,1,0,2,0.309471366
11,0,1,0,0.370044053
11,0,1,1,0.370044053
11,0,1,2,0.370044053
11,1,1,0,0.81277533
11,1,1,1,0.81277533
11,1,1,2,0.81277533
11,0,2,0,0.370044053
11,0,2,1,0.370044053
11,0,2,2,0.370044053
11,1,2,0,0.81277533
11,1,2,1,0.81277533
11,1,2,2,0.81277533
12,0,0,0,0.099118943
12,0,0,1,0.099118943
12,0,0,2,0.072687225
12,1,0,0,0.198237885
12,1,0,1,0.198237885
12,1,0,2,0.198237885
12,0,1,0,0.348017621
12,0,1,1,0.348017621
12,0,1,2,0.348017621
12,1,1,0,0.647577093
12,1,1,1,0.647577093
12,1,1,2,0.647577093
12,0,2,0,0.348017621
12,0,2,1,0.348017621
12,0,2,2,0.348017621
12,1,2,0,0.647577093
12,1,2,1,0.647577093
12,1,2,2,0.647577093
13,0,0,0,0.057268722
13,0,0,1,0.051762115
13,0,0,2,0.063876652
13,1,0,0,0.088105727
13,1,0,1,0.088105727
13,1,0,2,0.088105727
13,0,1,0,0.248898678
13,0,1,1,0.248898678
13,0,1,2,0.248898678
13,1,1,0,0.504405286
13,1,1,1,0.504405286
13,1,1,2,0.504405286
13,0,2,0,0.248898678
13,0,2,1,0.248898678
13,0,2,2,0.248898678
13,1,2,0,0.504405286
13,1,2,1,0.504405286
13,1,2,2,0.504405286
14,0,0,0,0.063876652
14,0,0,1,0.079295154
14,0,0,2,0.063876652
14,1,0,0,0.088105727
14,1,0,1,0.088105727
14,1,0,2,0.088105727
14,0,1,0,0.27092511
14,0,1,1,0.27092511
14,0,1,2,0.27092511
14,1,1,0,0.526431718
14,1,1,1,0.526431718
14,1,1,2,0.526431718
14,0,2,0,0.27092511
14,0,2,1,0.27092511
14,0,2,2,0.27092511
14,1,2,0,0.526431718
14,1,2,1,0.526431718
14,1,2,2,0.526431718
15,0,0,0,0.063876652
15,0,0,1,0.085903084
15,0,0,2,0.085903084
15,1,0,0,0.088105727
15,1,0,1,0.088105727
15,1,0,2,0.088105727
15,0,1,0,0.27092511
15,0,1,1,0.27092511
15,0,1,2,0.27092511
15,1,1,0,0.504405286
15,1,1,1,0.504405286
15,1,1,2,0.504405286
15,0,2,0,0.27092511
15,0,2,1,0.27092511
15,0,2,2,0.27092511
15,1,2,0,0.504405286
15,1,2,1,0.504405286
15,1,2,2,0.504405286
16,0,0,0,0.09030837
16,0,0,1,0.09030837
16,0,0,2,0.09030837
16,1,0,0,0.057268722
16,1,0,1,0.057268722
16,1,0,2,0.057268722
16,0,1,0,0.27092511
16,0,1,1,0.27092511
16,0,1,2,0.27092511
16,1,1,0,0.484581498
16,1,1,1,0.484581498
16,1,1,2,0.484581498
16,0,2,0,0.27092511
16,0,2,1,0.27092511
16,0,2,2,0.27092511
16,1,2,0,0.484581498
16,1,2,1,0.484581498
16,1,2,2,0.484581498
17,0,0,0,0.09030837
17,0,0,1,0.09030837
17,0,0,2,0.09030837
17,1,0,0,0.202643172
17,1,0,1,0.202643172
17,1,0,2,0.202643172
17,0,1,0,0.27092511
17,0,1,1,0.27092511
17,0,1,2,0.27092511
17,1,1,0,0.672907489
17,1,1,1,0.672907489
17,1,1,2,0.672907489
17,0,2,0,0.27092511
17,0,2,1,0.27092511
17,0,2,2,0.27092511
17,1,2,0,0.672907489
17,1,2,1,0.672907489
17,1,2,2,0.672907489
18,0,0,0,0.09030837
18,0,0,1,0.09030837
18,0,0,2,0.058370044
18,1,0,0,0.198237885
18,1,0,1,0.198237885
18,1,0,2,0.198237885
18,0,1,0,0.27092511
18,0,1,1,0.27092511
18,0,1,2,0.27092511
18,1,1,0,0.657488987
18,1,1,1,0.68061674
18,1,1,2,0.657488987
18,0,2,0,0.27092511
18,0,2,1,0.27092511
18,0,2,2,0.27092511
18,1,2,0,0.657488987
18,1,2,1,0.68061674
18,1,2,2,0.657488987
19,0,0,0,0.051762115
19,0,0,1,0.033039648
19,0,0,2,0.011013216
19,1,0,0,0.13215859
19,1,0,1,0.149779736
19,1,0,2,0.149779736
19,0,1,0,0.248898678
19,0,1,1,0.248898678
19,0,1,2,0.248898678
19,1,1,0,0.575991189
19,1,1,1,0.575991189
19,1,1,2,0.575991189
19,0,2,0,0.248898678
19,0,2,1,0.248898678
19,0,2,2,0.248898678
19,1,2,0,0.575991189
19,1,2,1,0.575991189
19,1,2,2,0.575991189
20,0,0,0,0.002202643
20,0,0,1,0.026431718
20,0,0,2,0.002202643
20,1,0,0,0.1530837
20,1,0,1,0.24339207
20,1,0,2,0.1530837
20,0,1,0,0.215859031
20,0,1,1,0.248898678
20,0,1,2,0.215859031
20,1,1,0,0.556167401
20,1,1,1,0.669603524
20,1,1,2,0.556167401
20,0,2,0,0.215859031
20,0,2,1,0.248898678
20,0,2,2,0.215859031
20,1,2,0,0.556167401
20,1,2,1,0.669603524
20,1,2,2,0.556167401
21,0,0,0,0.002202643
21,0,0,1,0.055066079
21,0,0,2,0.033039648
21,1,0,0,0.066079295
21,1,0,1,0.157488987
21,1,0,2,0.135462555
21,0,1,0,0.215859031
21,0,1,1,0.248898678
21,0,1,2,0.248898678
21,1,1,0,0.471365639
21,1,1,1,0.564977974
21,1,1,2,0.564977974
21,0,2,0,0.215859031
21,0,2,1,0.248898678
21,0,2,2,0.248898678
21,1,2,0,0.471365639
21,1,2,1,0.564977974
21,1,2,2,0.564977974
22,0,0,0,0.074889868
22,0,0,1,0.033039648
22,0,0,2,0.011013216
22,1,0,0,0.179515419
22,1,0,1,0.189427313
22,1,0,2,0.113436123
22,0,1,0,0.248898678
22,0,1,1,0.248898678
22,0,1,2,0.248898678
22,1,1,0,0.556167401
22,1,1,1,0.556167401
22,1,1,2,0.556167401
22,0,2,0,0.248898678
22,0,2,1,0.248898678
22,0,2,2,0.248898678
22,1,2,0,0.556167401
22,1,2,1,0.556167401
22,1,2,2,0.556167401
23,0,0,0,0.09030837
23,0,0,1,0.078193833
23,0,0,2,0.078193833
23,1,0,0,0.189427313
23,1,0,1,0.278634361
23,1,0,2,0.176211454
23,0,1,0,0.248898678
23,0,1,1,0.374449339
23,0,1,2,0.329295154
23,1,1,0,0.556167401
23,1,1,1,0.676211454
23,1,1,2,0.639867841
23,0,2,0,0.248898678
23,0,2,1,0.374449339
23,0,2,2,0.329295154
23,1,2,0,0.556167401
23,1,2,1,0.676211454
23,1,2,2,0.639867841
24,0,0,0,0.09030837
24,0,0,1,0.171806167
24,0,0,2,0.09030837
24,1,0,0,0.257709251
24,1,0,1,0.363436123
24,1,0,2,0.264317181
24,0,1,0,0.248898678
24,0,1,1,0.348017621
24,0,1,2,0.248898678
24,1,1,0,0.636563877
24,1,1,1,0.735682819
24,1,1,2,0.636563877
24,0,2,0,0.248898678
24,0,2,1,0.348017621
24,0,2,2,0.248898678
24,1,2,0,0.636563877
24,1,2,1,0.735682819
24,1,2,2,0.636563877
25,0,0,0,0.002202643
25,0,0,1,0.002202643
25,0,0,2,0.002202643
25,1,0,0,0.176211454
25,1,0,1,0.176211454
25,1,0,2,0.176211454
25,0,1,0,0.215859031
25,0,1,1,0.248898678
25,0,1,2,0.215859031
25,1,1,0,0.603524229
25,1,1,1,0.636563877
25,1,1,2,0.603524229
25,0,2,0,0.215859031
25,0,2,1,0.248898678
25,0,2,2,0.215859031
25,1,2,0,0.603524229
25,1,2,1,0.636563877
25,1,2,2,0.603524229
26,0,0,0,0.002202643
26,0,0,1,0.002202643
26,0,0,2,0.002202643
26,1,0,0,0.026431718
26,1,0,1,0.101321586
26,1,0,2,0.026431718
26,0,1,0,0.215859031
26,0,1,1,0.215859031
26,0,1,2,0.215859031
26,1,1,0,0.442731278
26,1,1,1,0.523127753
26,1,1,2,0.442731278
26,0,2,0,0.215859031
26,0,2,1,0.215859031
26,0,2,2,0.215859031
26,1,2,0,0.442731278
26,1,2,1,0.523127753
26,1,2,2,0.442731278
27,0,0,0,0.002202643
27,0,0,1,0.025330396
27,0,0,2,0.002202643
27,1,0,0,0.066079295
27,1,0,1,0.135462555
27,1,0,2,0.066079295
27,0,1,0,0.215859031
27,0,1,1,0.248898678
27,0,1,2,0.248898678
27,1,1,0,0.471365639
27,1,1,1,0.564977974
27,1,1,2,0.564977974
27,0,2,0,0.215859031
27,0,2,1,0.248898678
27,0,2,2,0.248898678
27,1,2,0,0.471365639
27,1,2,1,0.564977974
27,1,2,2,0.564977974
28,0,0,0,0.033039648
28,0,0,1,0.063876652
28,0,0,2,0.025330396
28,1,0,0,0.135462555
28,1,0,1,0.166299559
28,1,0,2,0.127753304
28,0,1,0,0.248898678
28,0,1,1,0.248898678
28,0,1,2,0.320484581
28,1,1,0,0.564977974
28,1,1,1,0.564977974
28,1,1,2,0.678414097
28,0,2,0,0.248898678
28,0,2,1,0.248898678
28,0,2,2,0.320484581
28,1,2,0,0.564977974
28,1,2,1,0.564977974
28,1,2,2,0.614537445
29,0,0,0,0.09030837
29,0,0,1,0.092511013
29,0,0,2,0.047356828
29,1,0,0,0.177312775
29,1,0,1,0.162995595
29,1,0,2,0.150881057
29,0,1,0,0.339207048
29,0,1,1,0.321585903
29,0,1,2,0.248898678
29,1,1,0,0.643171806
29,1,1,1,0.572687225
29,1,1,2,0.556167401
29,0,2,0,0.348017621
29,0,2,1,0.321585903
29,0,2,2,0.248898678
29,1,2,0,0.643171806
29,1,2,1,0.572687225
29,1,2,2,0.556167401
30,0,0,0,0.09030837
30,0,0,1,0.110132159
30,0,0,2,0.137665198
30,1,0,0,0.189427313
30,1,0,1,0.232378855
30,1,0,2,0.177312775
30,0,1,0,0.248898678
30,0,1,1,0.363436123
30,0,1,2,0.356828194
30,1,1,0,0.556167401
30,1,1,1,0.677312775
30,1,1,2,0.601321586
30,0,2,0,0.248898678
30,0,2,1,0.363436123
30,0,2,2,0.356828194
30,1,2,0,0.556167401
30,1,2,1,0.677312775
30,1,2,2,0.601321586
31,0,0,0,0.134361233
31,0,0,1,0.137665198
31,0,0,2,0.055066079
31,1,0,0,0.309471366
31,1,0,1,0.353524229
31,1,0,2,0.223568282
31,0,1,0,0.348017621
31,0,1,1,0.407488987
31,0,1,2,0.295154185
31,1,1,0,0.735682819
31,1,1,1,0.796255507
31,1,1,2,0.676211454
31,0,2,0,0.348017621
31,0,2,1,0.407488987
31,0,2,2,0.295154185
31,1,2,0,0.735682819
31,1,2,1,0.796255507
31,1,2,2,0.677312775
32,0,0,0,0.055066079
32,0,0,1,0.033039648
32,0,0,2,0.011013216
32,1,0,0,0.223568282
32,1,0,1,0.264317181
32,1,0,2,0.179515419
32,0,1,0,0.248898678
32,0,1,1,0.248898678
32,0,1,2,0.248898678
32,1,1,0,0.636563877
32,1,1,1,0.636563877
32,1,1,2,0.636563877
32,0,2,0,0.248898678
32,0,2,1,0.248898678
32,0,2,2,0.248898678
32,1,2,0,0.636563877
32,1,2,1,0.636563877
32,1,2,2,0.636563877
33,0,0,0,0.002202643
33,0,0,1,0.002202643
33,0,0,2,0.002202643
33,1,0,0,0.057268722
33,1,0,1,0.101321586
33,1,0,2,0.057268722
33,0,1,0,0.215859031
33,0,1,1,0.215859031
33,0,1,2,0.215859031
33,1,1,0,0.462555066
33,1,1,1,0.523127753
33,1,1,2,0.462555066
33,0,2,0,0.215859031
33,0,2,1,0.215859031
33,0,2,2,0.215859031
33,1,2,0,0.462555066
33,1,2,1,0.523127753
33,1,2,2,0.462555066
34,0,0,0,0.002202643
34,0,0,1,0.002202643
34,0,0,2,0.002202643
34,1,0,0,0.035242291
34,1,0,1,0.066079295
34,1,0,2,0.035242291
34,0,1,0,0.215859031
34,0,1,1,0.215859031
34,0,1,2,0.215859031
34,1,1,0,0.45154185
34,1,1,1,0.471365639
34,1,1,2,0.45154185
34,0,2,0,0.215859031
34,0,2,1,0.215859031
34,0,2,2,0.215859031
34,1,2,0,0.45154185
34,1,2,1,0.471365639
34,1,2,2,0.45154185
35,0,0,0,0.002202643
35,0,0,1,0.002202643
35,0,0,2,0.002202643
35,1,0,0,0.044052863
35,1,0,1,0.044052863
35,1,0,2,0.044052863
35,0,1,0,0.215859031
35,0,1,1,0.248898678
35,0,1,2,0.215859031
35,1,1,0,0.460352423
35,1,1,1,0.564977974
35,1,1,2,0.460352423
35,0,2,0,0.215859031
35,0,2,1,0.248898678
35,0,2,2,0.215859031
35,1,2,0,0.460352423
35,1,2,1,0.564977974
35,1,2,2,0.460352423
36,0,0,0,0.002202643
36,0,0,1,0.002202643
36,0,0,2,0.002202643
36,1,0,0,0.057268722
36,1,0,1,0.035242291
36,1,0,2,0.035242291
36,0,1,0,0.215859031
36,0,1,1,0.215859031
36,0,1,2,0.215859031
36,1,1,0,0.462555066
36,1,1,1,0.45154185
36,1,1,2,0.45154185
36,0,2,0,0.215859031
36,0,2,1,0.215859031
36,0,2,2,0.215859031
36,1,2,0,0.462555066
36,1,2,1,0.45154185
36,1,2,2,0.45154185
37,0,0,0,0.002202643
37,0,0,1,0.002202643
37,0,0,2,0.002202643
37,1,0,0,0.026431718
37,1,0,1,0.057268722
37,1,0,2,0.057268722
37,0,1,0,0.215859031
37,0,1,1,0.215859031
37,0,1,2,0.248898678
37,1,1,0,0.442731278
37,1,1,1,0.462555066
37,1,1,2,0.556167401
37,0,2,0,0.215859031
37,0,2,1,0.215859031
37,0,2,2,0.248898678
37,1,2,0,0.442731278
37,1,2,1,0.462555066
37,1,2,2,0.556167401
38,0,0,0,0.002202643
38,0,0,1,0.002202643
38,0,0,2,0.002202643
38,1,0,0,0.176211454
38,1,0,1,0.176211454
38,1,0,2,0.176211454
38,0,1,0,0.215859031
38,0,1,1,0.215859031
38,0,1,2,0.215859031
38,1,1,0,0.625550661
38,1,1,1,0.625550661
38,1,1,2,0.625550661
38,0,2,0,0.215859031
38,0,2,1,0.215859031
38,0,2,2,0.215859031
38,1,2,0,0.625550661
38,1,2,1,0.625550661
38,1,2,2,0.625550661
39,0,0,0,0.002202643
39,0,0,1,0.002202643
39,0,0,2,0.002202643
39,1,0,0,0.176211454
39,1,0,1,0.176211454
39,1,0,2,0.176211454
39,0,1,0,0.215859031
39,0,1,1,0.248898678
39,0,1,2,0.215859031
39,1,1,0,0.625550661
39,1,1,1,0.658590308
39,1,1,2,0.625550661
39,0,2,0,0.215859031
39,0,2,1,0.248898678
39,0,2,2,0.215859031
39,1,2,0,0.625550661
39,1,2,1,0.658590308
39,1,2,2,0.625550661
40,0,0,0,0.002202643
40,0,0,1,0.002202643
40,0,0,2,0.002202643
40,1,0,0,0.026431718
40,1,0,1,0.026431718
40,1,0,2,0.026431718
40,0,1,0,0.215859031
40,0,1,1,0.215859031
40,0,1,2,0.215859031
40,1,1,0,0.464757709
40,1,1,1,0.464757709
40,1,1,2,0.464757709
40,0,2,0,0.215859031
40,0,2,1,0.215859031
40,0,2,2,0.215859031
40,1,2,0,0.464757709
40,1,2,1,0.464757709
40,1,2,2,0.464757709
41,0,0,0,0.002202643
41,0,0,1,0.002202643
41,0,0,2,0.002202643
41,1,0,0,0.035242291
41,1,0,1,0.035242291
41,1,0,2,0.035242291
41,0,1,0,0.215859031
41,0,1,1,0.215859031
41,0,1,2,0.215859031
41,1,1,0,0.473568282
41,1,1,1,0.473568282
41,1,1,2,0.473568282
41,0,2,0,0.215859031
41,0,2,1,0.215859031
41,0,2,2,0.215859031
41,1,2,0,0.473568282
41,1,2,1,0.473568282
41,1,2,2,0.473568282
42,0,0,0,0.002202643
42,0,0,1,0.002202643
42,0,0,2,0.002202643
42,1,0,0,0.044052863
42,1,0,1,0.044052863
42,1,0,2,0.044052863
42,0,1,0,0.237885463
42,0,1,1,0.237885463
42,0,1,2,0.237885463
42,1,1,0,0.504405286
42,1,1,1,0.504405286
42,1,1,2,0.504405286
42,0,2,0,0.237885463
42,0,2,1,0.237885463
42,0,2,2,0.237885463
42,1,2,0,0.504405286
42,1,2,1,0.504405286
42,1,2,2,0.504405286
43,0,0,0,0.002202643
43,0,0,1,0.002202643
43,0,0,2,0.002202643
43,1,0,0,0.035242291
43,1,0,1,0.035242291
43,1,0,2,0.035242291
43,0,1,0,0.237885463
43,0,1,1,0.237885463
43,0,1,2,0.237885463
43,1,1,0,0.473568282
43,1,1,1,0.473568282
43,1,1,2,0.473568282
43,0,2,0,0.237885463
43,0,2,1,0.237885463
43,0,2,2,0.237885463
43,1,2,0,0.473568282
43,1,2,1,0.473568282
43,1,2,2,0.473568282
44,0,0,0,0.002202643
44,0,0,1,0.002202643
44,0,0,2,0.002202643
44,1,0,0,0.057268722
44,1,0,1,0.026431718
44,1,0,2,0.026431718
44,0,1,0,0.359030837
44,0,1,1,0.237885463
44,0,1,2,0.237885463
44,1,1,0,0.636563877
44,1,1,1,0.464757709
44,1,1,2,0.464757709
44,0,2,0,0.359030837
44,0,2,1,0.237885463
44,0,2,2,0.237885463
44,1,2,0,0.636563877
44,1,2,1,0.464757709
44,1,2,2,0.464757709
45,0,0,0,0.002202643
45,0,0,1,0.002202643
45,0,0,2,0.002202643
45,1,0,0,0.172907489
45,1,0,1,0.172907489
45,1,0,2,0.172907489
45,0,1,0,0.237885463
45,0,1,1,0.237885463
45,0,1,2,0.237885463
45,1,1,0,0.625550661
45,1,1,1,0.625550661
45,1,1,2,0.625550661
45,0,2,0,0.237885463
45,0,2,1,0.237885463
45,0,2,2,0.237885463
45,1,2,0,0.625550661
45,1,2,1,0.625550661
45,1,2,2,0.625550661
46,0,0,0,0.002202643
46,0,0,1,0.002202643
46,0,0,2,0.002202643
46,1,0,0,0.172907489
46,1,0,1,0.172907489
46,1,0,2,0.172907489
46,0,1,0,0.237885463
46,0,1,1,0.237885463
46,0,1,2,0.237885463
46,1,1,0,0.625550661
46,1,1,1,0.625550661
46,1,1,2,0.625550661
46,0,2,0,0.237885463
46,0,2,1,0.237885463
46,0,2,2,0.237885463
46,1,2,0,0.625550661
46,1,2,1,0.625550661
46,1,2,2,0.625550661
47,0,0,0,0.002202643
47,0,0,1,0.002202643
47,0,0,2,0.002202643
47,1,0,0,0.026431718
47,1,0,1,0.026431718
47,1,0,2,0.026431718
47,0,1,0,0.215859031
47,0,1,1,0.215859031
47,0,1,2,0.215859031
47,1,1,0,0.442731278
47,1,1,1,0.442731278
47,1,1,2,0.442731278
47,0,2,0,0.215859031
47,0,2,1,0.215859031
47,0,2,2,0.215859031
47,1,2,0,0.442731278
47,1,2,1,0.442731278
47,1,2,2,0.442731278
48,0,0,0,0.002202643
48,0,0,1,0.002202643
48,0,0,2,0.002202643
48,1,0,0,0.035242291
48,1,0,1,0.035242291
48,1,0,2,0.035242291
48,0,1,0,0.215859031
48,0,1,1,0.215859031
48,0,1,2,0.215859031
48,1,1,0,0.45154185
48,1,1,1,0.45154185
48,1,1,2,0.45154185
48,0,2,0,0.215859031
48,0,2,1,0.215859031
48,0,2,2,0.215859031
48,1,2,0,0.45154185
48,1,2,1,0.45154185
48,1,2,2,0.45154185
49,0,0,0,0.002202643
49,0,0,1,0.002202643
49,0,0,2,0.002202643
49,1,0,0,0.044052863
49,1,0,1,0.044052863
49,1,0,2,0.044052863
49,0,1,0,0.215859031
49,0,1,1,0.215859031
49,0,1,2,0.215859031
49,1,1,0,0.460352423
49,1,1,1,0.471365639
49,1,1,2,0.460352423
49,0,2,0,0.215859031
49,0,2,1,0.215859031
49,0,2,2,0.215859031
49,1,2,0,0.460352423
49,1,2,1,0.471365639
49,1,2,2,0.460352423
50,0,0,0,0.002202643
50,0,0,1,0.002202643
50,0,0,2,0.002202643
50,1,0,0,0.035242291
50,1,0,1,0.057268722
50,1,0,2,0.057268722
50,0,1,0,0.215859031
50,0,1,1,0.248898678
50,0,1,2,0.215859031
50,1,1,0,0.45154185
50,1,1,1,0.556167401
50,1,1,2,0.462555066
50,0,2,0,0.215859031
50,0,2,1,0.248898678
50,0,2,2,0.215859031
50,1,2,0,0.45154185
50,1,2,1,0.556167401
50,1,2,2,0.462555066
51,0,0,0,0.002202643
51,0,0,1,0.002202643
51,0,0,2,0.002202643
51,1,0,0,0.026431718
51,1,0,1,0.026431718
51,1,0,2,0.101321586
51,0,1,0,0.215859031
51,0,1,1,0.215859031
51,0,1,2,0.248898678
51,1,1,0,0.442731278
51,1,1,1,0.442731278
51,1,1,2,0.556167401
51,0,2,0,0.215859031
51,0,2,1,0.215859031
51,0,2,2,0.248898678
51,1,2,0,0.442731278
51,1,2,1,0.442731278
51,1,2,2,0.556167401
52,0,0,0,0.002202643
52,0,0,1,0.09030837
52,0,0,2,0.002202643
52,1,0,0,0.176211454
52,1,0,1,0.264317181
52,1,0,2,0.176211454
52,0,1,0,0.215859031
52,0,1,1,0.248898678
52,0,1,2,0.248898678
52,1,1,0,0.603524229
52,1,1,1,0.636563877
52,1,1,2,0.636563877
52,0,2,0,0.215859031
52,0,2,1,0.248898678
52,0,2,2,0.248898678
52,1,2,0,0.603524229
52,1,2,1,0.636563877
52,1,2,2,0.636563877
53,0,0,0,0.002202643
53,0,0,1,0.002202643
53,0,0,2,0.002202643
53,1,0,0,0.172907489
53,1,0,1,0.176211454
53,1,0,2,0.172907489
53,0,1,0,0.215859031
53,0,1,1,0.215859031
53,0,1,2,0.215859031
53,1,1,0,0.603524229
53,1,1,1,0.601321586
53,1,1,2,0.603524229
53,0,2,0,0.215859031
53,0,2,1,0.215859031
53,0,2,2,0.215859031
53,1,2,0,0.603524229
53,1,2,1,0.603524229
53,1,2,2,0.603524229
54,0,0,0,0.002202643
54,0,0,1,0.002202643
54,0,0,2,0.002202643
54,1,0,0,0.026431718
54,1,0,1,0.026431718
54,1,0,2,0.026431718
54,0,1,0,0.215859031
54,0,1,1,0.215859031
54,0,1,2,0.215859031
54,1,1,0,0.442731278
54,1,1,1,0.442731278
54,1,1,2,0.442731278
54,0,2,0,0.215859031
54,0,2,1,0.215859031
54,0,2,2,0.215859031
54,1,2,0,0.442731278
54,1,2,1,0.442731278
54,1,2,2,0.442731278
55,0,0,0,0.002202643
55,0,0,1,0.002202643
55,0,0,2,0.002202643
55,1,0,0,0.035242291
55,1,0,1,0.035242291
55,1,0,2,0.035242291
55,0,1,0,0.215859031
55,0,1,1,0.215859031
55,0,1,2,0.215859031
55,1,1,0,0.471365639
55,1,1,1,0.45154185
55,1,1,2,0.45154185
55,0,2,0,0.215859031
55,0,2,1,0.215859031
55,0,2,2,0.215859031
55,1,2,0,0.471365639
55,1,2,1,0.45154185
55,1,2,2,0.45154185
56,0,0,0,0.002202643
56,0,0,1,0.002202643
56,0,0,2,0.002202643
56,1,0,0,0.044052863
56,1,0,1,0.044052863
56,1,0,2,0.044052863
56,0,1,0,0.215859031
56,0,1,1,0.215859031
56,0,1,2,0.215859031
56,1,1,0,0.564977974
56,1,1,1,0.460352423
56,1,1,2,0.460352423
56,0,2,0,0.248898678
56,0,2,1,0.215859031
56,0,2,2,0.215859031
56,1,2,0,0.564977974
56,1,2,1,0.460352423
56,1,2,2,0.460352423
57,0,0,0,0.002202643
57,0,0,1,0.002202643
57,0,0,2,0.002202643
57,1,0,0,0.035242291
57,1,0,1,0.035242291
57,1,0,2,0.035242291
57,0,1,0,0.215859031
57,0,1,1,0.215859031
57,0,1,2,0.215859031
57,1,1,0,0.45154185
57,1,1,1,0.45154185
57,1,1,2,0.45154185
57,0,2,0,0.215859031
57,0,2,1,0.215859031
57,0,2,2,0.215859031
57,1,2,0,0.45154185
57,1,2,1,0.45154185
57,1,2,2,0.45154185
58,0,0,0,0.002202643
58,0,0,1,0.002202643
58,0,0,2,0.002202643
58,1,0,0,0.026431718
58,1,0,1,0.057268722
58,1,0,2,0.101321586
58,0,1,0,0.215859031
58,0,1,1,0.215859031
58,0,1,2,0.215859031
58,1,1,0,0.442731278
58,1,1,1,0.462555066
58,1,1,2,0.523127753
58,0,2,0,0.215859031
58,0,2,1,0.215859031
58,0,2,2,0.215859031
58,1,2,0,0.442731278
58,1,2,1,0.462555066
58,1,2,2,0.523127753
59,0,0,0,0.002202643
59,0,0,1,0.09030837
59,0,0,2,0.002202643
59,1,0,0,0.176211454
59,1,0,1,0.264317181
59,1,0,2,0.176211454
59,0,1,0,0.215859031
59,0,1,1,0.248898678
59,0,1,2,0.215859031
59,1,1,0,0.603524229
59,1,1,1,0.636563877
59,1,1,2,0.603524229
59,0,2,0,0.215859031
59,0,2,1,0.248898678
59,0,2,2,0.215859031
59,1,2,0,0.603524229
59,1,2,1,0.636563877
59,1,2,2,0.603524229
60,0,0,0,0.002202643
60,0,0,1,0.002202643
60,0,0,2,0.002202643
60,1,0,0,0.172907489
60,1,0,1,0.176211454
60,1,0,2,0.172907489
60,0,1,0,0.215859031
60,0,1,1,0.215859031
60,0,1,2,0.215859031
60,1,1,0,0.603524229
60,1,1,1,0.603524229
60,1,1,2,0.603524229
60,0,2,0,0.215859031
60,0,2,1,0.215859031
60,0,2,2,0.215859031
60,1,2,0,0.603524229
60,1,2,1,0.603524229
60,1,2,2,0.603524229
61,0,0,0,0.002202643
61,0,0,1,0.002202643
61,0,0,2,0.002202643
61,1,0,0,0.026431718
61,1,0,1,0.026431718
61,1,0,2,0.026431718
61,0,1,0,0.215859031
61,0,1,1,0.215859031
61,0,1,2,0.215859031
61,1,1,0,0.442731278
61,1,1,1,0.442731278
61,1,1,2,0.442731278
61,0,2,0,0.215859031
61,0,2,1,0.215859031
61,0,2,2,0.215859031
61,1,2,0,0.442731278
61,1,2,1,0.442731278
61,1,2,2,0.442731278
62,0,0,0,0.002202643
62,0,0,1,0.002202643
62,0,0,2,0.002202643
62,1,0,0,0.035242291
62,1,0,1,0.035242291
62,1,0,2,0.035242291
62,0,1,0,0.215859031
62,0,1,1,0.215859031
62,0,1,2,0.215859031
62,1,1,0,0.45154185
62,1,1,1,0.45154185
62,1,1,2,0.45154185
62,0,2,0,0.215859031
62,0,2,1,0.215859031
62,0,2,2,0.215859031
62,1,2,0,0.45154185
62,1,2,1,0.45154185
62,1,2,2,0.45154185
63,0,0,0,0.002202643
63,0,0,1,0.002202643
63,0,0,2,0.002202643
63,1,0,0,0.044052863
63,1,0,1,0.044052863
63,1,0,2,0.044052863
63,0,1,0,0.215859031
63,0,1,1,0.215859031
63,0,1,2,0.215859031
63,1,1,0,0.531938326
63,1,1,1,0.460352423
63,1,1,2,0.460352423
63,0,2,0,0.215859031
63,0,2,1,0.215859031
63,0,2,2,0.215859031
63,1,2,0,0.531938326
63,1,2,1,0.460352423
63,1,2,2,0.460352423
64,0,0,0,0.002202643
64,0,0,1,0.002202643
64,0,0,2,0.002202643
64,1,0,0,0.057268722
64,1,0,1,0.035242291
64,1,0,2,0.035242291
64,0,1,0,0.215859031
64,0,1,1,0.215859031
64,0,1,2,0.215859031
64,1,1,0,0.462555066
64,1,1,1,0.462555066
64,1,1,2,0.45154185
64,0,2,0,0.215859031
64,0,2,1,0.215859031
64,0,2,2,0.215859031
64,1,2,0,0.462555066
64,1,2,1,0.462555066
64,1,2,2,0.45154185
65,0,0,0,0.002202643
65,0,0,1,0.002202643
65,0,0,2,0.002202643
65,1,0,0,0.057268722
65,1,0,1,0.057268722
65,1,0,2,0.057268722
65,0,1,0,0.215859031
65,0,1,1,0.215859031
65,0,1,2,0.215859031
65,1,1,0,0.462555066
65,1,1,1,0.523127753
65,1,1,2,0.462555066
65,0,2,0,0.215859031
65,0,2,1,0.215859031
65,0,2,2,0.215859031
65,1,2,0,0.462555066
65,1,2,1,0.523127753
65,1,2,2,0.462555066
66,0,0,0,0.002202643
66,0,0,1,0.002202643
66,0,0,2,0.002202643
66,1,0,0,0.176211454
66,1,0,1,0.176211454
66,1,0,2,0.176211454
66,0,1,0,0.215859031
66,0,1,1,0.248898678
66,0,1,2,0.215859031
66,1,1,0,0.603524229
66,1,1,1,0.636563877
66,1,1,2,0.603524229
66,0,2,0,0.215859031
66,0,2,1,0.248898678
66,0,2,2,0.215859031
66,1,2,0,0.603524229
66,1,2,1,0.636563877
66,1,2,2,0.603524229
67,0,0,0,0.002202643
67,0,0,1,0.002202643
67,0,0,2,0.002202643
67,1,0,0,0.176211454
67,1,0,1,0.176211454
67,1,0,2,0.176211454
67,0,1,0,0.215859031
67,0,1,1,0.215859031
67,0,1,2,0.215859031
67,1,1,0,0.603524229
67,1,1,1,0.603524229
67,1,1,2,0.603524229
67,0,2,0,0.215859031
67,0,2,1,0.215859031
67,0,2,2,0.215859031
67,1,2,0,0.603524229
67,1,2,1,0.603524229
67,1,2,2,0.603524229
68,0,0,0,0.002202643
68,0,0,1,0.002202643
68,0,0,2,0.002202643
68,1,0,0,0.026431718
68,1,0,1,0.026431718
68,1,0,2,0.026431718
68,0,1,0,0.215859031
68,0,1,1,0.215859031
68,0,1,2,0.215859031
68,1,1,0,0.442731278
68,1,1,1,0.442731278
68,1,1,2,0.442731278
68,0,2,0,0.215859031
68,0,2,1,0.215859031
68,0,2,2,0.215859031
68,1,2,0,0.442731278
68,1,2,1,0.442731278
68,1,2,2,0.442731278
69,0,0,0,0.002202643
69,0,0,1,0.002202643
69,0,0,2,0.002202643
69,1,0,0,0.035242291
69,1,0,1,0.035242291
69,1,0,2,0.035242291
69,0,1,0,0.215859031
69,0,1,1,0.215859031
69,0,1,2,0.215859031
69,1,1,0,0.45154185
69,1,1,1,0.45154185
69,1,1,2,0.45154185
69,0,2,0,0.215859031
69,0,2,1,0.215859031
69,0,2,2,0.215859031
69,1,2,0,0.45154185
69,1,2,1,0.45154185
69,1,2,2,0.45154185
70,0,0,0,0.002202643
70,0,0,1,0.002202643
70,0,0,2,0.002202643
70,1,0,0,0.044052863
70,1,0,1,0.044052863
70,1,0,2,0.044052863
70,0,1,0,0.215859031
70,0,1,1,0.215859031
70,0,1,2,0.215859031
70,1,1,0,0.460352423
70,1,1,1,0.460352423
70,1,1,2,0.460352423
70,0,2,0,0.215859031
70,0,2,1,0.215859031
70,0,2,2,0.215859031
70,1,2,0,0.460352423
70,1,2,1,0.460352423
70,1,2,2,0.460352423
71,0,0,0,0.002202643
71,0,0,1,0.002202643
71,0,0,2,0.002202643
71,1,0,0,0.035242291
71,1,0,1,0.035242291
71,1,0,2,0.035242291
71,0,1,0,0.215859031
71,0,1,1,0.215859031
71,0,1,2,0.215859031
71,1,1,0,0.45154185
71,1,1,1,0.462555066
71,1,1,2,0.45154185
71,0,2,0,0.215859031
71,0,2,1,0.215859031
71,0,2,2,0.215859031
71,1,2,0,0.45154185
71,1,2,1,0.462555066
71,1,2,2,0.45154185
72,0,0,0,0.002202643
72,0,0,1,0.002202643
72,0,0,2,0.002202643
72,1,0,0,0.026431718
72,1,0,1,0.026431718
72,1,0,2,0.026431718
72,0,1,0,0.215859031
72,0,1,1,0.215859031
72,0,1,2,0.215859031
72,1,1,0,0.442731278
72,1,1,1,0.442731278
72,1,1,2,0.442731278
72,0,2,0,0.215859031
72,0,2,1,0.215859031
72,0,2,2,0.215859031
72,1,2,0,0.442731278
72,1,2,1,0.442731278
72,1,2,2,0.442731278
73,0,0,0,0.002202643
73,0,0,1,0.002202643
73,0,0,2,0.002202643
73,1,0,0,0.198237885
73,1,0,1,0.198237885
73,1,0,2,0.198237885
73,0,1,0,0.215859031
73,0,1,1,0.215859031
73,0,1,2,0.215859031
73,1,1,0,0.647577093
73,1,1,1,0.647577093
73,1,1,2,0.647577093
73,0,2,0,0.215859031
73,0,2,1,0.215859031
73,0,2,2,0.215859031
73,1,2,0,0.647577093
73,1,2,1,0.647577093
73,1,2,2,0.647577093
74,0,0,0,0.002202643
74,0,0,1,0.002202643
74,0,0,2,0.002202643
74,1,0,0,0.176211454
74,1,0,1,0.176211454
74,1,0,2,0.176211454
74,0,1,0,0.215859031
74,0,1,1,0.215859031
74,0,1,2,0.215859031
74,1,1,0,0.567180617
74,1,1,1,0.567180617
74,1,1,2,0.567180617
74,0,2,0,0.215859031
74,0,2,1,0.215859031
74,0,2,2,0.215859031
74,1,2,0,0.567180617
74,1,2,1,0.567180617
74,1,2,2,0.567180617
75,0,0,0,0.002202643
75,0,0,1,0.002202643
75,0,0,2,0.002202643
75,1,0,0,0.035242291
75,1,0,1,0.035242291
75,1,0,2,0.035242291
75,0,1,0,0.215859031
75,0,1,1,0.215859031
75,0,1,2,0.215859031
75,1,1,0,0.416299559
75,1,1,1,0.416299559
75,1,1,2,0.416299559
75,0,2,0,0.215859031
75,0,2,1,0.215859031
75,0,2,2,0.215859031
75,1,2,0,0.416299559
75,1,2,1,0.416299559
75,1,2,2,0.416299559
76,0,0,0,0.002202643
76,0,0,1,0.002202643
76,0,0,2,0.002202643
76,1,0,0,0.035242291
76,1,0,1,0.035242291
76,1,0,2,0.035242291
76,0,1,0,0.215859031
76,0,1,1,0.215859031
76,0,1,2,0.215859031
76,1,1,0,0.416299559
76,1,1,1,0.416299559
76,1,1,2,0.416299559
76,0,2,0,0.215859031
76,0,2,1,0.215859031
76,0,2,2,0.215859031
76,1,2,0,0.416299559
76,1,2,1,0.416299559
76,1,2,2,0.416299559
77,0,0,0,0.024229075
77,0,0,1,0.024229075
77,0,0,2,0.024229075
77,1,0,0,0.088105727
77,1,0,1,0.066079295
77,1,0,2,0.066079295
77,0,1,0,0.292951542
77,0,1,1,0.259911894
77,0,1,2,0.259911894
77,1,1,0,0.573788546
77,1,1,1,0.469162996
77,1,1,2,0.469162996
77,0,2,0,0.292951542
77,0,2,1,0.259911894
77,0,2,2,0.259911894
77,1,2,0,0.573788546
77,1,2,1,0.469162996
77,1,2,2,0.469162996
78,0,0,0,0.123348018
78,0,0,1,0.002202643
78,0,0,2,0.002202643
78,1,0,0,0.22246696
78,1,0,1,0.101321586
78,1,0,2,0.057268722
78,0,1,0,0.303964758
78,0,1,1,0.179515419
78,0,1,2,0.179515419
78,1,1,0,0.584801762
78,1,1,1,0.460352423
78,1,1,2,0.4030837
78,0,2,0,0.303964758
78,0,2,1,0.179515419
78,0,2,2,0.179515419
78,1,2,0,0.584801762
78,1,2,1,0.460352423
78,1,2,2,0.4030837
79,0,0,0,0.09030837
79,0,0,1,0.002202643
79,0,0,2,0.002202643
79,1,0,0,0.157488987
79,1,0,1,0.035242291
79,1,0,2,0.057268722
79,0,1,0,0.248898678
79,0,1,1,0.248898678
79,0,1,2,0.179515419
79,1,1,0,0.529735683
79,1,1,1,0.529735683
79,1,1,2,0.460352423
79,0,2,0,0.248898678
79,0,2,1,0.248898678
79,0,2,2,0.179515419
79,1,2,0,0.529735683
79,1,2,1,0.419603524
79,1,2,2,0.460352423
80,0,0,0,0.002202643
80,0,0,1,0.09030837
80,0,0,2,0.002202643
80,1,0,0,0.176211454
80,1,0,1,0.264317181
80,1,0,2,0.176211454
80,0,1,0,0.339207048
80,0,1,1,0.248898678
80,0,1,2,0.179515419
80,1,1,0,0.721365639
80,1,1,1,0.636563877
80,1,1,2,0.567180617
80,0,2,0,0.339207048
80,0,2,1,0.248898678
80,0,2,2,0.179515419
80,1,2,0,0.721365639
80,1,2,1,0.636563877
80,1,2,2,0.567180617
81,0,0,0,0.112334802
81,0,0,1,0.072687225
81,0,0,2,0.002202643
81,1,0,0,0.286343612
81,1,0,1,0.286343612
81,1,0,2,0.176211454
81,0,1,0,0.292951542
81,0,1,1,0.292951542
81,0,1,2,0.179515419
81,1,1,0,0.68061674
81,1,1,1,0.68061674
81,1,1,2,0.567180617
81,0,2,0,0.292951542
81,0,2,1,0.292951542
81,0,2,2,0.179515419
81,1,2,0,0.68061674
81,1,2,1,0.68061674
81,1,2,2,0.457048458
82,0,0,0,0.002202643
82,0,0,1,0.002202643
82,0,0,2,0.002202643
82,1,0,0,0.057268722
82,1,0,1,0.026431718
82,1,0,2,0.026431718
82,0,1,0,0.179515419
82,0,1,1,0.179515419
82,0,1,2,0.179515419
82,1,1,0,0.429515419
82,1,1,1,0.416299559
82,1,1,2,0.416299559
82,0,2,0,0.179515419
82,0,2,1,0.179515419
82,0,2,2,0.179515419
82,1,2,0,0.429515419
82,1,2,1,0.416299559
82,1,2,2,0.416299559
83,0,0,0,0.002202643
83,0,0,1,0.002202643
83,0,0,2,0.002202643
83,1,0,0,0.035242291
83,1,0,1,0.035242291
83,1,0,2,0.035242291
83,0,1,0,0.179515419
83,0,1,1,0.179515419
83,0,1,2,0.179515419
83,1,1,0,0.425110132
83,1,1,1,0.425110132
83,1,1,2,0.425110132
83,0,2,0,0.179515419
83,0,2,1,0.179515419
83,0,2,2,0.179515419
83,1,2,0,0.425110132
83,1,2,1,0.425110132
83,1,2,2,0.425110132
84,0,0,0,0.002202643
84,0,0,1,0.002202643
84,0,0,2,0.002202643
84,1,0,0,0.044052863
84,1,0,1,0.044052863
84,1,0,2,0.044052863
84,0,1,0,0.215859031
84,0,1,1,0.215859031
84,0,1,2,0.215859031
84,1,1,0,0.460352423
84,1,1,1,0.460352423
84,1,1,2,0.460352423
84,0,2,0,0.215859031
84,0,2,1,0.215859031
84,0,2,2,0.215859031
84,1,2,0,0.460352423
84,1,2,1,0.460352423
84,1,2,2,0.460352423
85,0,0,0,0.002202643
85,0,0,1,0.002202643
85,0,0,2,0.002202643
85,1,0,0,0.035242291
85,1,0,1,0.035242291
85,1,0,2,0.035242291
85,0,1,0,0.215859031
85,0,1,1,0.215859031
85,0,1,2,0.215859031
85,1,1,0,0.45154185
85,1,1,1,0.45154185
85,1,1,2,0.45154185
85,0,2,0,0.215859031
85,0,2,1,0.215859031
85,0,2,2,0.215859031
85,1,2,0,0.45154185
85,1,2,1,0.45154185
85,1,2,2,0.45154185
86,0,0,0,0.002202643
86,0,0,1,0.002202643
86,0,0,2,0.002202643
86,1,0,0,0.026431718
86,1,0,1,0.026431718
86,1,0,2,0.026431718
86,0,1,0,0.215859031
86,0,1,1,0.215859031
86,0,1,2,0.215859031
86,1,1,0,0.442731278
86,1,1,1,0.442731278
86,1,1,2,0.442731278
86,0,2,0,0.215859031
86,0,2,1,0.215859031
86,0,2,2,0.215859031
86,1,2,0,0.442731278
86,1,2,1,0.442731278
86,1,2,2,0.442731278
87,0,0,0,0.002202643
87,0,0,1,0.002202643
87,0,0,2,0.002202643
87,1,0,0,0.172907489
87,1,0,1,0.176211454
87,1,0,2,0.172907489
87,0,1,0,0.215859031
87,0,1,1,0.215859031
87,0,1,2,0.215859031
87,1,1,0,0.603524229
87,1,1,1,0.603524229
87,1,1,2,0.603524229
87,0,2,0,0.215859031
87,0,2,1,0.215859031
87,0,2,2,0.215859031
87,1,2,0,0.603524229
87,1,2,1,0.603524229
87,1,2,2,0.603524229
88,0,0,0,0.002202643
88,0,0,1,0.002202643
88,0,0,2,0.002202643
88,1,0,0,0.176211454
88,1,0,1,0.176211454
88,1,0,2,0.176211454
88,0,1,0,0.215859031
88,0,1,1,0.215859031
88,0,1,2,0.215859031
88,1,1,0,0.603524229
88,1,1,1,0.603524229
88,1,1,2,0.603524229
88,0,2,0,0.215859031
88,0,2,1,0.215859031
88,0,2,2,0.215859031
88,1,2,0,0.603524229
88,1,2,1,0.603524229
88,1,2,2,0.603524229
89,0,0,0,0.002202643
89,0,0,1,0.002202643
89,0,0,2,0.002202643
89,1,0,0,0.026431718
89,1,0,1,0.026431718
89,1,0,2,0.026431718
89,0,1,0,0.215859031
89,0,1,1,0.215859031
89,0,1,2,0.215859031
89,1,1,0,0.442731278
89,1,1,1,0.442731278
89,1,1,2,0.442731278
89,0,2,0,0.215859031
89,0,2,1,0.215859031
89,0,2,2,0.215859031
89,1,2,0,0.442731278
89,1,2,1,0.442731278
89,1,2,2,0.442731278
90,0,0,0,0.002202643
90,0,0,1,0.002202643
90,0,0,2,0.002202643
90,1,0,0,0.046255507
90,1,0,1,0.046255507
90,1,0,2,0.046255507
90,0,1,0,0.215859031
90,0,1,1,0.215859031
90,0,1,2,0.215859031
90,1,1,0,0.462555066
90,1,1,1,0.462555066
90,1,1,2,0.462555066
90,0,2,0,0.215859031
90,0,2,1,0.215859031
90,0,2,2,0.215859031
90,1,2,0,0.462555066
90,1,2,1,0.462555066
90,1,2,2,0.462555066
91,0,0,0,0.002202643
91,0,0,1,0.002202643
91,0,0,2,0.002202643
91,1,0,0,0.044052863
91,1,0,1,0.044052863
91,1,0,2,0.044052863
91,0,1,0,0.215859031
91,0,1,1,0.215859031
91,0,1,2,0.215859031
91,1,1,0,0.460352423
91,1,1,1,0.460352423
91,1,1,2,0.460352423
91,0,2,0,0.215859031
91,0,2,1,0.215859031
91,0,2,2,0.215859031
91,1,2,0,0.460352423
91,1,2,1,0.460352423
91,1,2,2,0.460352423
92,0,0,0,0.002202643
92,0,0,1,0.002202643
92,0,0,2,0.002202643
92,1,0,0,0.022026432
92,1,0,1,0.022026432
92,1,0,2,0.022026432
92,0,1,0,0.215859031
92,0,1,1,0.215859031
92,0,1,2,0.215859031
92,1,1,0,0.449339207
92,1,1,1,0.438325991
92,1,1,2,0.438325991
92,0,2,0,0.215859031
92,0,2,1,0.215859031
92,0,2,2,0.215859031
92,1,2,0,0.449339207
92,1,2,1,0.438325991
92,1,2,2,0.438325991
93,0,0,0,0.029735683
93,0,0,1,0.029735683
93,0,0,2,0.029735683
93,1,0,0,0.013215859
93,1,0,1,0.013215859
93,1,0,2,0.013215859
93,0,1,0,0.24339207
93,0,1,1,0.24339207
93,0,1,2,0.24339207
93,1,1,0,0.429515419
93,1,1,1,0.429515419
93,1,1,2,0.429515419
93,0,2,0,0.24339207
93,0,2,1,0.24339207
93,0,2,2,0.24339207
93,1,2,0,0.429515419
93,1,2,1,0.429515419
93,1,2,2,0.429515419
94,0,0,0,0.035242291
94,0,0,1,0.035242291
94,0,0,2,0.035242291
94,1,0,0,0.231277533
94,1,0,1,0.231277533
94,1,0,2,0.231277533
94,0,1,0,0.248898678
94,0,1,1,0.248898678
94,0,1,2,0.248898678
94,1,1,0,0.658590308
94,1,1,1,0.658590308
94,1,1,2,0.658590308
94,0,2,0,0.248898678
94,0,2,1,0.248898678
94,0,2,2,0.248898678
94,1,2,0,0.658590308
94,1,2,1,0.658590308
94,1,2,2,0.658590308
95,0,0,0,0.024229075
95,0,0,1,0.024229075
95,0,0,2,0.024229075
95,1,0,0,0.231277533
95,1,0,1,0.231277533
95,1,0,2,0.231277533
95,0,1,0,0.237885463
95,0,1,1,0.237885463
95,0,1,2,0.237885463
95,1,1,0,0.658590308
95,1,1,1,0.658590308
95,1,1,2,0.658590308
95,0,2,0,0.237885463
95,0,2,1,0.237885463
95,0,2,2,0.237885463
95,1,2,0,0.658590308
95,1,2,1,0.658590308
95,1,2,2,0.658590308
96,0,0,0,0.002202643
96,0,0,1,0.002202643
96,0,0,2,0.002202643
96,1,0,0,0.02753304
96,1,0,1,0.040748899
96,1,0,2,0.02753304
96,0,1,0,0.215859031
96,0,1,1,0.215859031
96,0,1,2,0.215859031
96,1,1,0,0.443832599
96,1,1,1,0.457048458
96,1,1,2,0.443832599
96,0,2,0,0.215859031
96,0,2,1,0.215859031
96,0,2,2,0.215859031
96,1,2,0,0.443832599
96,1,2,1,0.457048458
96,1,2,2,0.443832599
97,0,0,0,0.002202643
97,0,0,1,0.002202643
97,0,0,2,0.002202643
97,1,0,0,0.033039648
97,1,0,1,0.046255507
97,1,0,2,0.033039648
97,0,1,0,0.215859031
97,0,1,1,0.215859031
97,0,1,2,0.215859031
97,1,1,0,0.449339207
97,1,1,1,0.462555066
97,1,1,2,0.449339207
97,0,2,0,0.215859031
97,0,2,1,0.215859031
97,0,2,2,0.215859031
97,1,2,0,0.449339207
97,1,2,1,0.462555066
97,1,2,2,0.449339207
98,0,0,0,0.024229075
98,0,0,1,0.024229075
98,0,0,2,0.024229075
98,1,0,0,0.044052863
98,1,0,1,0.066079295
98,1,0,2,0.044052863
98,0,1,0,0.237885463
98,0,1,1,0.237885463
98,0,1,2,0.237885463
98,1,1,0,0.461453744
98,1,1,1,0.482378855
98,1,1,2,0.460352423
98,0,2,0,0.237885463
98,0,2,1,0.237885463
98,0,2,2,0.237885463
98,1,2,0,0.460352423
98,1,2,1,0.482378855
98,1,2,2,0.460352423
99,0,0,0,0.035242291
99,0,0,1,0.035242291
99,0,0,2,0.035242291
99,1,0,0,0.044052863
99,1,0,1,0.077092511
99,1,0,2,0.033039648
99,0,1,0,0.248898678
99,0,1,1,0.248898678
99,0,1,2,0.248898678
99,1,1,0,0.460352423
99,1,1,1,0.482378855
99,1,1,2,0.449339207
99,0,2,0,0.248898678
99,0,2,1,0.248898678
99,0,2,2,0.248898678
99,1,2,0,0.460352423
99,1,2,1,0.482378855
99,1,2,2,0.449339207
100,0,0,0,0.029735683
100,0,0,1,0.029735683
100,0,0,2,0.029735683
100,1,0,0,0.02753304
100,1,0,1,0.049559471
100,1,0,2,0.02753304
100,0,1,0,0.24339207
100,0,1,1,0.24339207
100,0,1,2,0.24339207
100,1,1,0,0.443832599
100,1,1,1,0.465859031
100,1,1,2,0.443832599
100,0,2,0,0.24339207
100,0,2,1,0.24339207
100,0,2,2,0.24339207
100,1,2,0,0.443832599
100,1,2,1,0.465859031
100,1,2,2,0.443832599
101,0,0,0,0.035242291
101,0,0,1,0.035242291
101,0,0,2,0.035242291
101,1,0,0,0.231277533
101,1,0,1,0.231277533
101,1,0,2,0.231277533
101,0,1,0,0.248898678
101,0,1,1,0.248898678
101,0,1,2,0.248898678
101,1,1,0,0.658590308
101,1,1,1,0.658590308
101,1,1,2,0.658590308
101,0,2,0,0.248898678
101,0,2,1,0.248898678
101,0,2,2,0.248898678
101,1,2,0,0.658590308
101,1,2,1,0.658590308
101,1,2,2,0.658590308
102,0,0,0,0.024229075
102,0,0,1,0.024229075
102,0,0,2,0.024229075
102,1,0,0,0.231277533
102,1,0,1,0.231277533
102,1,0,2,0.231277533
102,0,1,0,0.237885463
102,0,1,1,0.237885463
102,0,1,2,0.237885463
102,1,1,0,0.658590308
102,1,1,1,0.658590308
102,1,1,2,0.658590308
102,0,2,0,0.237885463
102,0,2,1,0.237885463
102,0,2,2,0.237885463
102,1,2,0,0.658590308
102,1,2,1,0.658590308
102,1,2,2,0.658590308
103,0,0,0,0.002202643
103,0,0,1,0.002202643
103,0,0,2,0.002202643
103,1,0,0,0.02753304
103,1,0,1,0.049559471
103,1,0,2,0.02753304
103,0,1,0,0.215859031
103,0,1,1,0.215859031
103,0,1,2,0.215859031
103,1,1,0,0.465859031
103,1,1,1,0.465859031
103,1,1,2,0.443832599
103,0,2,0,0.215859031
103,0,2,1,0.215859031
103,0,2,2,0.215859031
103,1,2,0,0.465859031
103,1,2,1,0.465859031
103,1,2,2,0.443832599
104,0,0,0,0.002202643
104,0,0,1,0.002202643
104,0,0,2,0.002202643
104,1,0,0,0.033039648
104,1,0,1,0.055066079
104,1,0,2,0.033039648
104,0,1,0,0.215859031
104,0,1,1,0.215859031
104,0,1,2,0.215859031
104,1,1,0,0.449339207
104,1,1,1,0.471365639
104,1,1,2,0.449339207
104,0,2,0,0.215859031
104,0,2,1,0.215859031
104,0,2,2,0.215859031
104,1,2,0,0.449339207
104,1,2,1,0.471365639
104,1,2,2,0.449339207
105,0,0,0,0.024229075
105,0,0,1,0.024229075
105,0,0,2,0.024229075
105,1,0,0,0.044052863
105,1,0,1,0.066079295
105,1,0,2,0.044052863
105,0,1,0,0.237885463
105,0,1,1,0.24339207
105,0,1,2,0.24339207
105,1,1,0,0.460352423
105,1,1,1,0.482378855
105,1,1,2,0.460352423
105,0,2,0,0.237885463
105,0,2,1,0.237885463
105,0,2,2,0.237885463
105,1,2,0,0.460352423
105,1,2,1,0.482378855
105,1,2,2,0.460352423
106,0,0,0,0.035242291
106,0,0,1,0.035242291
106,0,0,2,0.035242291
106,1,0,0,0.055066079
106,1,0,1,0.077092511
106,1,0,2,0.033039648
106,0,1,0,0.248898678
106,0,1,1,0.248898678
106,0,1,2,0.248898678
106,1,1,0,0.471365639
106,1,1,1,0.482378855
106,1,1,2,0.449339207
106,0,2,0,0.248898678
106,0,2,1,0.248898678
106,0,2,2,0.248898678
106,1,2,0,0.471365639
106,1,2,1,0.482378855
106,1,2,2,0.449339207
107,0,0,0,0.029735683
107,0,0,1,0.029735683
107,0,0,2,0.029735683
107,1,0,0,0.02753304
107,1,0,1,0.049559471
107,1,0,2,0.02753304
107,0,1,0,0.24339207
107,0,1,1,0.24339207
107,0,1,2,0.24339207
107,1,1,0,0.443832599
107,1,1,1,0.465859031
107,1,1,2,0.443832599
107,0,2,0,0.24339207
107,0,2,1,0.24339207
107,0,2,2,0.24339207
107,1,2,0,0.443832599
107,1,2,1,0.465859031
107,1,2,2,0.443832599
108,0,0,0,0.035242291
108,0,0,1,0.035242291
108,0,0,2,0.035242291
108,1,0,0,0.231277533
108,1,0,1,0.231277533
108,1,0,2,0.231277533
108,0,1,0,0.248898678
108,0,1,1,0.248898678
108,0,1,2,0.248898678
108,1,1,0,0.658590308
108,1,1,1,0.658590308
108,1,1,2,0.658590308
108,0,2,0,0.248898678
108,0,2,1,0.248898678
108,0,2,2,0.248898678
108,1,2,0,0.658590308
108,1,2,1,0.658590308
108,1,2,2,0.658590308
109,0,0,0,0.024229075
109,0,0,1,0.024229075
109,0,0,2,0.024229075
109,1,0,0,0.231277533
109,1,0,1,0.231277533
109,1,0,2,0.231277533
109,0,1,0,0.237885463
109,0,1,1,0.237885463
109,0,1,2,0.237885463
109,1,1,0,0.658590308
109,1,1,1,0.658590308
109,1,1,2,0.658590308
109,0,2,0,0.237885463
109,0,2,1,0.237885463
109,0,2,2,0.237885463
109,1,2,0,0.658590308
109,1,2,1,0.658590308
109,1,2,2,0.658590308
110,0,0,0,0.002202643
110,0,0,1,0.002202643
110,0,0,2,0.002202643
110,1,0,0,0.022026432
110,1,0,1,0.044052863
110,1,0,2,0.022026432
110,0,1,0,0.215859031
110,0,1,1,0.215859031
110,0,1,2,0.215859031
110,1,1,0,0.425110132
110,1,1,1,0.425110132
110,1,1,2,0.4030837
110,0,2,0,0.215859031
110,0,2,1,0.215859031
110,0,2,2,0.215859031
110,1,2,0,0.425110132
110,1,2,1,0.425110132
110,1,2,2,0.4030837
111,0,0,0,0.002202643
111,0,0,1,0.002202643
111,0,0,2,0.002202643
111,1,0,0,0.044052863
111,1,0,1,0.066079295
111,1,0,2,0.022026432
111,0,1,0,0.215859031
111,0,1,1,0.215859031
111,0,1,2,0.215859031
111,1,1,0,0.425110132
111,1,1,1,0.436123348
111,1,1,2,0.4030837
111,0,2,0,0.215859031
111,0,2,1,0.215859031
111,0,2,2,0.215859031
111,1,2,0,0.425110132
111,1,2,1,0.436123348
111,1,2,2,0.4030837
112,0,0,0,0.024229075
112,0,0,1,0.112334802
112,0,0,2,0.024229075
112,1,0,0,0.066079295
112,1,0,1,0.198237885
112,1,0,2,0.110132159
112,0,1,0,0.237885463
112,0,1,1,0.27092511
112,0,1,2,0.237885463
112,1,1,0,0.45814978
112,1,1,1,0.551762115
112,1,1,2,0.408590308
112,0,2,0,0.237885463
112,0,2,1,0.27092511
112,0,2,2,0.237885463
112,1,2,0,0.45814978
112,1,2,1,0.551762115
112,1,2,2,0.518722467
113,0,0,0,0.035242291
113,0,0,1,0.123348018
113,0,0,2,0.035242291
113,1,0,0,0.121145374
113,1,0,1,0.209251101
113,1,0,2,0.077092511
113,0,1,0,0.248898678
113,0,1,1,0.281938326
113,0,1,2,0.248898678
113,1,1,0,0.529735683
113,1,1,1,0.56277533
113,1,1,2,0.469162996
113,0,2,0,0.248898678
113,0,2,1,0.281938326
113,0,2,2,0.248898678
113,1,2,0,0.419603524
113,1,2,1,0.56277533
113,1,2,2,0.469162996
114,0,0,0,0.002202643
114,0,0,1,0.002202643
114,0,0,2,0.002202643
114,1,0,0,0.066079295
114,1,0,1,0.220264317
114,1,0,2,0.110132159
114,0,1,0,0.179515419
114,0,1,1,0.179515419
114,0,1,2,0.179515419
114,1,1,0,0.4030837
114,1,1,1,0.460352423
114,1,1,2,0.460352423
114,0,2,0,0.179515419
114,0,2,1,0.179515419
114,0,2,2,0.179515419
114,1,2,0,0.4030837
114,1,2,1,0.460352423
114,1,2,2,0.460352423
115,0,0,0,0.002202643
115,0,0,1,0.002202643
115,0,0,2,0.002202643
115,1,0,0,0.022026432
115,1,0,1,0.044052863
115,1,0,2,0.022026432
115,0,1,0,0.179515419
115,0,1,1,0.179515419
115,0,1,2,0.179515419
115,1,1,0,0.389867841
115,1,1,1,0.4030837
115,1,1,2,0.4030837
115,0,2,0,0.179515419
115,0,2,1,0.179515419
115,0,2,2,0.179515419
115,1,2,0,0.389867841
115,1,2,1,0.4030837
115,1,2,2,0.4030837
116,0,0,0,0.002202643
116,0,0,1,0.002202643
116,0,0,2,0.002202643
116,1,0,0,0.022026432
116,1,0,1,0.044052863
116,1,0,2,0.044052863
116,0,1,0,0.179515419
116,0,1,1,0.179515419
116,0,1,2,0.179515419
116,1,1,0,0.389867841
116,1,1,1,0.4030837
116,1,1,2,0.4030837
116,0,2,0,0.179515419
116,0,2,1,0.179515419
116,0,2,2,0.179515419
116,1,2,0,0.389867841
116,1,2,1,0.4030837
116,1,2,2,0.4030837
117,0,0,0,0.002202643
117,0,0,1,0.002202643
117,0,0,2,0.002202643
117,1,0,0,0.022026432
117,1,0,1,0.044052863
117,1,0,2,0.022026432
117,0,1,0,0.179515419
117,0,1,1,0.179515419
117,0,1,2,0.179515419
117,1,1,0,0.389867841
117,1,1,1,0.389867841
117,1,1,2,0.389867841
117,0,2,0,0.179515419
117,0,2,1,0.179515419
117,0,2,2,0.179515419
117,1,2,0,0.389867841
117,1,2,1,0.389867841
117,1,2,2,0.389867841
118,0,0,0,0.002202643
118,0,0,1,0.002202643
118,0,0,2,0.002202643
118,1,0,0,0.099118943
118,1,0,1,0.121145374
118,1,0,2,0.121145374
118,0,1,0,0.179515419
118,0,1,1,0.179515419
118,0,1,2,0.179515419
118,1,1,0,0.491189427
118,1,1,1,0.504405286
118,1,1,2,0.395374449
118,0,2,0,0.179515419
118,0,2,1,0.179515419
118,0,2,2,0.179515419
118,1,2,0,0.491189427
118,1,2,1,0.504405286
118,1,2,2,0.504405286
119,0,0,0,0.002202643
119,0,0,1,0.002202643
119,0,0,2,0.002202643
119,1,0,0,0.022026432
119,1,0,1,0.044052863
119,1,0,2,0.022026432
119,0,1,0,0.179515419
119,0,1,1,0.179515419
119,0,1,2,0.179515419
119,1,1,0,0.425110132
119,1,1,1,0.425110132
119,1,1,2,0.425110132
119,0,2,0,0.179515419
119,0,2,1,0.179515419
119,0,2,2,0.179515419
119,1,2,0,0.425110132
119,1,2,1,0.425110132
119,1,2,2,0.425110132
120,0,0,0,0.002202643
120,0,0,1,0.002202643
120,0,0,2,0.002202643
120,1,0,0,0
120,1,0,1,0.022026432
120,1,0,2,0.088105727
120,0,1,0,0.179515419
120,0,1,1,0.179515419
120,0,1,2,0.27092511
120,1,1,0,0.4030837
120,1,1,1,0.4030837
120,1,1,2,0.564977974
120,0,2,0,0.179515419
120,0,2,1,0.179515419
120,0,2,2,0.27092511
120,1,2,0,0.4030837
120,1,2,1,0.4030837
120,1,2,2,0.564977974
121,0,0,0,0.002202643
121,0,0,1,0.002202643
121,0,0,2,0.002202643
121,1,0,0,0.022026432
121,1,0,1,0.022026432
121,1,0,2,0.044052863
121,0,1,0,0.179515419
121,0,1,1,0.179515419
121,0,1,2,0.179515419
121,1,1,0,0.4030837
121,1,1,1,0.4030837
121,1,1,2,0.416299559
121,0,2,0,0.179515419
121,0,2,1,0.179515419
121,0,2,2,0.179515419
121,1,2,0,0.4030837
121,1,2,1,0.4030837
121,1,2,2,0.416299559
122,0,0,0,0.035242291
122,0,0,1,0.035242291
122,0,0,2,0.035242291
122,1,0,0,0.231277533
122,1,0,1,0.231277533
122,1,0,2,0.231277533
122,0,1,0,0.27092511
122,0,1,1,0.27092511
122,0,1,2,0.27092511
122,1,1,0,0.68061674
122,1,1,1,0.68061674
122,1,1,2,0.68061674
122,0,2,0,0.27092511
122,0,2,1,0.27092511
122,0,2,2,0.27092511
122,1,2,0,0.68061674
122,1,2,1,0.68061674
122,1,2,2,0.68061674
123,0,0,0,0.024229075
123,0,0,1,0.024229075
123,0,0,2,0.024229075
123,1,0,0,0.231277533
123,1,0,1,0.231277533
123,1,0,2,0.231277533
123,0,1,0,0.237885463
123,0,1,1,0.237885463
123,0,1,2,0.237885463
123,1,1,0,0.658590308
123,1,1,1,0.658590308
123,1,1,2,0.658590308
123,0,2,0,0.237885463
123,0,2,1,0.237885463
123,0,2,2,0.237885463
123,1,2,0,0.658590308
123,1,2,1,0.658590308
123,1,2,2,0.658590308
124,0,0,0,0.002202643
124,0,0,1,0.002202643
124,0,0,2,0.002202643
124,1,0,0,0.038546256
124,1,0,1,0.049559471
124,1,0,2,0.02753304
124,0,1,0,0.215859031
124,0,1,1,0.215859031
124,0,1,2,0.215859031
124,1,1,0,0.465859031
124,1,1,1,0.465859031
124,1,1,2,0.443832599
124,0,2,0,0.215859031
124,0,2,1,0.215859031
124,0,2,2,0.215859031
124,1,2,0,0.465859031
124,1,2,1,0.465859031
124,1,2,2,0.443832599
125,0,0,0,0.002202643
125,0,0,1,0.002202643
125,0,0,2,0.002202643
125,1,0,0,0.033039648
125,1,0,1,0.055066079
125,1,0,2,0.033039648
125,0,1,0,0.215859031
125,0,1,1,0.215859031
125,0,1,2,0.215859031
125,1,1,0,0.449339207
125,1,1,1,0.471365639
125,1,1,2,0.449339207
125,0,2,0,0.215859031
125,0,2,1,0.215859031
125,0,2,2,0.215859031
125,1,2,0,0.449339207
125,1,2,1,0.471365639
125,1,2,2,0.449339207
126,0,0,0,0.024229075
126,0,0,1,0.024229075
126,0,0,2,0.024229075
126,1,0,0,0.066079295
126,1,0,1,0.066079295
126,1,0,2,0.044052863
126,0,1,0,0.237885463
126,0,1,1,0.237885463
126,0,1,2,0.237885463
126,1,1,0,0.482378855
126,1,1,1,0.482378855
126,1,1,2,0.460352423
126,0,2,0,0.237885463
126,0,2,1,0.237885463
126,0,2,2,0.237885463
126,1,2,0,0.482378855
126,1,2,1,0.482378855
126,1,2,2,0.460352423
127,0,0,0,0.035242291
127,0,0,1,0.035242291
127,0,0,2,0.035242291
127,1,0,0,0.055066079
127,1,0,1,0.077092511
127,1,0,2,0.033039648
127,0,1,0,0.248898678
127,0,1,1,0.248898678
127,0,1,2,0.248898678
127,1,1,0,0.471365639
127,1,1,1,0.482378855
127,1,1,2,0.449339207
127,0,2,0,0.248898678
127,0,2,1,0.248898678
127,0,2,2,0.248898678
127,1,2,0,0.471365639
127,1,2,1,0.482378855
127,1,2,2,0.449339207
128,0,0,0,0.029735683
128,0,0,1,0.029735683
128,0,0,2,0.029735683
128,1,0,0,0.071585903
128,1,0,1,0.049559471
128,1,0,2,0.02753304
128,0,1,0,0.24339207
128,0,1,1,0.24339207
128,0,1,2,0.24339207
128,1,1,0,0.476872247
128,1,1,1,0.465859031
128,1,1,2,0.443832599
128,0,2,0,0.24339207
128,0,2,1,0.24339207
128,0,2,2,0.24339207
128,1,2,0,0.476872247
128,1,2,1,0.465859031
128,1,2,2,0.443832599
129,0,0,0,0.035242291
129,0,0,1,0.035242291
129,0,0,2,0.035242291
129,1,0,0,0.231277533
129,1,0,1,0.231277533
129,1,0,2,0.231277533
129,0,1,0,0.248898678
129,0,1,1,0.248898678
129,0,1,2,0.248898678
129,1,1,0,0.658590308
129,1,1,1,0.658590308
129,1,1,2,0.658590308
129,0,2,0,0.248898678
129,0,2,1,0.248898678
129,0,2,2,0.248898678
129,1,2,0,0.658590308
129,1,2,1,0.658590308
129,1,2,2,0.658590308
130,0,0,0,0.024229075
130,0,0,1,0.024229075
130,0,0,2,0.024229075
130,1,0,0,0.231277533
130,1,0,1,0.231277533
130,1,0,2,0.231277533
130,0,1,0,0.237885463
130,0,1,1,0.237885463
130,0,1,2,0.237885463
130,1,1,0,0.658590308
130,1,1,1,0.658590308
130,1,1,2,0.658590308
130,0,2,0,0.237885463
130,0,2,1,0.237885463
130,0,2,2,0.237885463
130,1,2,0,0.658590308
130,1,2,1,0.658590308
130,1,2,2,0.658590308
131,0,0,0,0.002202643
131,0,0,1,0.002202643
131,0,0,2,0.002202643
131,1,0,0,0.02753304
131,1,0,1,0.049559471
131,1,0,2,0.02753304
131,0,1,0,0.215859031
131,0,1,1,0.215859031
131,0,1,2,0.215859031
131,1,1,0,0.465859031
131,1,1,1,0.465859031
131,1,1,2,0.443832599
131,0,2,0,0.215859031
131,0,2,1,0.215859031
131,0,2,2,0.215859031
131,1,2,0,0.465859031
131,1,2,1,0.465859031
131,1,2,2,0.443832599
132,0,0,0,0.002202643
132,0,0,1,0.002202643
132,0,0,2,0.002202643
132,1,0,0,0.033039648
132,1,0,1,0.055066079
132,1,0,2,0.033039648
132,0,1,0,0.215859031
132,0,1,1,0.215859031
132,0,1,2,0.215859031
132,1,1,0,0.449339207
132,1,1,1,0.471365639
132,1,1,2,0.449339207
132,0,2,0,0.215859031
132,0,2,1,0.215859031
132,0,2,2,0.215859031
132,1,2,0,0.449339207
132,1,2,1,0.471365639
132,1,2,2,0.449339207
133,0,0,0,0.024229075
133,0,0,1,0.024229075
133,0,0,2,0.024229075
133,1,0,0,0.066079295
133,1,0,1,0.066079295
133,1,0,2,0.044052863
133,0,1,0,0.237885463
133,0,1,1,0.237885463
133,0,1,2,0.237885463
133,1,1,0,0.482378855
133,1,1,1,0.482378855
133,1,1,2,0.460352423
133,0,2,0,0.237885463
133,0,2,1,0.237885463
133,0,2,2,0.237885463
133,1,2,0,0.482378855
133,1,2,1,0.482378855
133,1,2,2,0.460352423
134,0,0,0,0.035242291
134,0,0,1,0.035242291
134,0,0,2,0.035242291
134,1,0,0,0.044052863
134,1,0,1,0.055066079
134,1,0,2,0.033039648
134,0,1,0,0.248898678
134,0,1,1,0.248898678
134,0,1,2,0.248898678
134,1,1,0,0.460352423
134,1,1,1,0.471365639
134,1,1,2,0.449339207
134,0,2,0,0.248898678
134,0,2,1,0.248898678
134,0,2,2,0.248898678
134,1,2,0,0.460352423
134,1,2,1,0.471365639
134,1,2,2,0.449339207
135,0,0,0,0.029735683
135,0,0,1,0.029735683
135,0,0,2,0.029735683
135,1,0,0,0.02753304
135,1,0,1,0.049559471
135,1,0,2,0.02753304
135,0,1,0,0.24339207
135,0,1,1,0.24339207
135,0,1,2,0.24339207
135,1,1,0,0.443832599
135,1,1,1,0.465859031
135,1,1,2,0.443832599
135,0,2,0,0.24339207
135,0,2,1,0.24339207
135,0,2,2,0.24339207
135,1,2,0,0.443832599
135,1,2,1,0.465859031
135,1,2,2,0.443832599
136,0,0,0,0.035242291
136,0,0,1,0.035242291
136,0,0,2,0.035242291
136,1,0,0,0.231277533
136,1,0,1,0.231277533
136,1,0,2,0.231277533
136,0,1,0,0.248898678
136,0,1,1,0.248898678
136,0,1,2,0.248898678
136,1,1,0,0.658590308
136,1,1,1,0.658590308
136,1,1,2,0.658590308
136,0,2,0,0.248898678
136,0,2,1,0.248898678
136,0,2,2,0.248898678
136,1,2,0,0.658590308
136,1,2,1,0.658590308
136,1,2,2,0.658590308
137,0,0,0,0.024229075
137,0,0,1,0.024229075
137,0,0,2,0.024229075
137,1,0,0,0.231277533
137,1,0,1,0.231277533
137,1,0,2,0.231277533
137,0,1,0,0.237885463
137,0,1,1,0.237885463
137,0,1,2,0.237885463
137,1,1,0,0.658590308
137,1,1,1,0.658590308
137,1,1,2,0.658590308
137,0,2,0,0.237885463
137,0,2,1,0.237885463
137,0,2,2,0.237885463
137,1,2,0,0.658590308
137,1,2,1,0.658590308
137,1,2,2,0.658590308
138,0,0,0,0.002202643
138,0,0,1,0.002202643
138,0,0,2,0.002202643
138,1,0,0,0.02753304
138,1,0,1,0.049559471
138,1,0,2,0.02753304
138,0,1,0,0.215859031
138,0,1,1,0.215859031
138,0,1,2,0.215859031
138,1,1,0,0.443832599
138,1,1,1,0.465859031
138,1,1,2,0.443832599
138,0,2,0,0.215859031
138,0,2,1,0.215859031
138,0,2,2,0.215859031
138,1,2,0,0.443832599
138,1,2,1,0.465859031
138,1,2,2,0.443832599
139,0,0,0,0.002202643
139,0,0,1,0.002202643
139,0,0,2,0.002202643
139,1,0,0,0.033039648
139,1,0,1,0.055066079
139,1,0,2,0.033039648
139,0,1,0,0.215859031
139,0,1,1,0.215859031
139,0,1,2,0.215859031
139,1,1,0,0.449339207
139,1,1,1,0.471365639
139,1,1,2,0.449339207
139,0,2,0,0.215859031
139,0,2,1,0.215859031
139,0,2,2,0.215859031
139,1,2,0,0.449339207
139,1,2,1,0.471365639
139,1,2,2,0.449339207
140,0,0,0,0.024229075
140,0,0,1,0.024229075
140,0,0,2,0.024229075
140,1,0,0,0.044052863
140,1,0,1,0.066079295
140,1,0,2,0.044052863
140,0,1,0,0.237885463
140,0,1,1,0.237885463
140,0,1,2,0.24339207
140,1,1,0,0.460352423
140,1,1,1,0.482378855
140,1,1,2,0.460352423
140,0,2,0,0.237885463
140,0,2,1,0.237885463
140,0,2,2,0.237885463
140,1,2,0,0.460352423
140,1,2,1,0.482378855
140,1,2,2,0.460352423
141,0,0,0,0.035242291
141,0,0,1,0.035242291
141,0,0,2,0.035242291
141,1,0,0,0.055066079
141,1,0,1,0.077092511
141,1,0,2,0.033039648
141,0,1,0,0.248898678
141,0,1,1,0.248898678
141,0,1,2,0.248898678
141,1,1,0,0.471365639
141,1,1,1,0.482378855
141,1,1,2,0.449339207
141,0,2,0,0.248898678
141,0,2,1,0.248898678
141,0,2,2,0.248898678
141,1,2,0,0.471365639
141,1,2,1,0.482378855
141,1,2,2,0.449339207
142,0,0,0,0.029735683
142,0,0,1,0.029735683
142,0,0,2,0.029735683
142,1,0,0,0.02753304
142,1,0,1,0.049559471
142,1,0,2,0.038546256
142,0,1,0,0.24339207
142,0,1,1,0.24339207
142,0,1,2,0.24339207
142,1,1,0,0.443832599
142,1,1,1,0.465859031
142,1,1,2,0.454845815
142,0,2,0,0.24339207
142,0,2,1,0.24339207
142,0,2,2,0.24339207
142,1,2,0,0.443832599
142,1,2,1,0.465859031
142,1,2,2,0.454845815
143,0,0,0,0.035242291
143,0,0,1,0.035242291
143,0,0,2,0.035242291
143,1,0,0,0.231277533
143,1,0,1,0.231277533
143,1,0,2,0.231277533
143,0,1,0,0.248898678
143,0,1,1,0.248898678
143,0,1,2,0.248898678
143,1,1,0,0.658590308
143,1,1,1,0.658590308
143,1,1,2,0.658590308
143,0,2,0,0.248898678
143,0,2,1,0.248898678
143,0,2,2,0.248898678
143,1,2,0,0.658590308
143,1,2,1,0.658590308
143,1,2,2,0.658590308
144,0,0,0,0.024229075
144,0,0,1,0.024229075
144,0,0,2,0.024229075
144,1,0,0,0.231277533
144,1,0,1,0.231277533
144,1,0,2,0.231277533
144,0,1,0,0.237885463
144,0,1,1,0.237885463
144,0,1,2,0.237885463
144,1,1,0,0.658590308
144,1,1,1,0.658590308
144,1,1,2,0.658590308
144,0,2,0,0.237885463
144,0,2,1,0.237885463
144,0,2,2,0.237885463
144,1,2,0,0.658590308
144,1,2,1,0.658590308
144,1,2,2,0.658590308
145,0,0,0,0.002202643
145,0,0,1,0.002202643
145,0,0,2,0.002202643
145,1,0,0,0.02753304
145,1,0,1,0.049559471
145,1,0,2,0.02753304
145,0,1,0,0.215859031
145,0,1,1,0.215859031
145,0,1,2,0.215859031
145,1,1,0,0.443832599
145,1,1,1,0.465859031
145,1,1,2,0.443832599
145,0,2,0,0.215859031
145,0,2,1,0.215859031
145,0,2,2,0.215859031
145,1,2,0,0.443832599
145,1,2,1,0.465859031
145,1,2,2,0.443832599
146,0,0,0,0.002202643
146,0,0,1,0.002202643
146,0,0,2,0.002202643
146,1,0,0,0.033039648
146,1,0,1,0.055066079
146,1,0,2,0.033039648
146,0,1,0,0.215859031
146,0,1,1,0.215859031
146,0,1,2,0.215859031
146,1,1,0,0.449339207
146,1,1,1,0.471365639
146,1,1,2,0.449339207
146,0,2,0,0.215859031
146,0,2,1,0.215859031
146,0,2,2,0.215859031
146,1,2,0,0.449339207
146,1,2,1,0.471365639
146,1,2,2,0.449339207
147,0,0,0,0.024229075
147,0,0,1,0.024229075
147,0,0,2,0.024229075
147,1,0,0,0.044052863
147,1,0,1,0.066079295
147,1,0,2,0.044052863
147,0,1,0,0.237885463
147,0,1,1,0.237885463
147,0,1,2,0.237885463
147,1,1,0,0.460352423
147,1,1,1,0.482378855
147,1,1,2,0.460352423
147,0,2,0,0.237885463
147,0,2,1,0.237885463
147,0,2,2,0.237885463
147,1,2,0,0.460352423
147,1,2,1,0.482378855
147,1,2,2,0.460352423
148,0,0,0,0.035242291
148,0,0,1,0.035242291
148,0,0,2,0.035242291
148,1,0,0,0.044052863
148,1,0,1,0.055066079
148,1,0,2,0.033039648
148,0,1,0,0.248898678
148,0,1,1,0.248898678
148,0,1,2,0.248898678
148,1,1,0,0.449339207
148,1,1,1,0.471365639
148,1,1,2,0.449339207
148,0,2,0,0.248898678
148,0,2,1,0.248898678
148,0,2,2,0.248898678
148,1,2,0,0.449339207
148,1,2,1,0.471365639
148,1,2,2,0.449339207
149,0,0,0,0.029735683
149,0,0,1,0.029735683
149,0,0,2,0.029735683
149,1,0,0,0.02753304
149,1,0,1,0.049559471
149,1,0,2,0.02753304
149,0,1,0,0.24339207
149,0,1,1,0.24339207
149,0,1,2,0.24339207
149,1,1,0,0.443832599
149,1,1,1,0.465859031
149,1,1,2,0.465859031
149,0,2,0,0.24339207
149,0,2,1,0.24339207
149,0,2,2,0.24339207
149,1,2,0,0.443832599
149,1,2,1,0.465859031
149,1,2,2,0.465859031
150,0,0,0,0.035242291
150,0,0,1,0.035242291
150,0,0,2,0.035242291
150,1,0,0,0.231277533
150,1,0,1,0.231277533
150,1,0,2,0.231277533
150,0,1,0,0.248898678
150,0,1,1,0.248898678
150,0,1,2,0.248898678
150,1,1,0,0.658590308
150,1,1,1,0.658590308
150,1,1,2,0.658590308
150,0,2,0,0.248898678
150,0,2,1,0.248898678
150,0,2,2,0.248898678
150,1,2,0,0.658590308
150,1,2,1,0.658590308
150,1,2,2,0.658590308
151,0,0,0,0.024229075
151,0,0,1,0.024229075
151,0,0,2,0.024229075
151,1,0,0,0.231277533
151,1,0,1,0.231277533
151,1,0,2,0.231277533
151,0,1,0,0.237885463
151,0,1,1,0.237885463
151,0,1,2,0.237885463
151,1,1,0,0.658590308
151,1,1,1,0.658590308
151,1,1,2,0.658590308
151,0,2,0,0.237885463
151,0,2,1,0.237885463
151,0,2,2,0.237885463
151,1,2,0,0.658590308
151,1,2,1,0.658590308
151,1,2,2,0.658590308
152,0,0,0,0.002202643
152,0,0,1,0.002202643
152,0,0,2,0.002202643
152,1,0,0,0.02753304
152,1,0,1,0.049559471
152,1,0,2,0.02753304
152,0,1,0,0.215859031
152,0,1,1,0.215859031
152,0,1,2,0.215859031
152,1,1,0,0.443832599
152,1,1,1,0.465859031
152,1,1,2,0.443832599
152,0,2,0,0.215859031
152,0,2,1,0.215859031
152,0,2,2,0.215859031
152,1,2,0,0.443832599
152,1,2,1,0.465859031
152,1,2,2,0.443832599
153,0,0,0,0.002202643
153,0,0,1,0.002202643
153,0,0,2,0.002202643
153,1,0,0,0.033039648
153,1,0,1,0.055066079
153,1,0,2,0.033039648
153,0,1,0,0.215859031
153,0,1,1,0.215859031
153,0,1,2,0.215859031
153,1,1,0,0.449339207
153,1,1,1,0.471365639
153,1,1,2,0.449339207
153,0,2,0,0.215859031
153,0,2,1,0.215859031
153,0,2,2,0.215859031
153,1,2,0,0.449339207
153,1,2,1,0.471365639
153,1,2,2,0.449339207
154,0,0,0,0.024229075
154,0,0,1,0.024229075
154,0,0,2,0.024229075
154,1,0,0,0.036343612
154,1,0,1,0.058370044
154,1,0,2,0.036343612
154,0,1,0,0.237885463
154,0,1,1,0.237885463
154,0,1,2,0.237885463
154,1,1,0,0.460352423
154,1,1,1,0.482378855
154,1,1,2,0.460352423
154,0,2,0,0.237885463
154,0,2,1,0.237885463
154,0,2,2,0.237885463
154,1,2,0,0.460352423
154,1,2,1,0.482378855
154,1,2,2,0.460352423
155,0,0,0,0.035242291
155,0,0,1,0.035242291
155,0,0,2,0.035242291
155,1,0,0,0.058370044
155,1,0,1,0.091409692
155,1,0,2,0.047356828
155,0,1,0,0.248898678
155,0,1,1,0.248898678
155,0,1,2,0.248898678
155,1,1,0,0.482378855
155,1,1,1,0.504405286
155,1,1,2,0.471365639
155,0,2,0,0.248898678
155,0,2,1,0.248898678
155,0,2,2,0.248898678
155,1,2,0,0.482378855
155,1,2,1,0.504405286
155,1,2,2,0.471365639
156,0,0,0,0.029735683
156,0,0,1,0.029735683
156,0,0,2,0.029735683
156,1,0,0,0.04185022
156,1,0,1,0.063876652
156,1,0,2,0.052863436
156,0,1,0,0.24339207
156,0,1,1,0.24339207
156,0,1,2,0.24339207
156,1,1,0,0.465859031
156,1,1,1,0.487885463
156,1,1,2,0.476872247
156,0,2,0,0.24339207
156,0,2,1,0.24339207
156,0,2,2,0.24339207
156,1,2,0,0.465859031
156,1,2,1,0.487885463
156,1,2,2,0.476872247
157,0,0,0,0.035242291
157,0,0,1,0.035242291
157,0,0,2,0.035242291
157,1,0,0,0.209251101
157,1,0,1,0.209251101
157,1,0,2,0.209251101
157,0,1,0,0.248898678
157,0,1,1,0.248898678
157,0,1,2,0.248898678
157,1,1,0,0.636563877
157,1,1,1,0.636563877
157,1,1,2,0.636563877
157,0,2,0,0.248898678
157,0,2,1,0.248898678
157,0,2,2,0.248898678
157,1,2,0,0.636563877
157,1,2,1,0.636563877
157,1,2,2,0.636563877
158,0,0,0,0.002202643
158,0,0,1,0.002202643
158,0,0,2,0.002202643
158,1,0,0,0.176211454
158,1,0,1,0.176211454
158,1,0,2,0.176211454
158,0,1,0,0.215859031
158,0,1,1,0.215859031
158,0,1,2,0.215859031
158,1,1,0,0.603524229
158,1,1,1,0.603524229
158,1,1,2,0.603524229
158,0,2,0,0.215859031
158,0,2,1,0.215859031
158,0,2,2,0.215859031
158,1,2,0,0.603524229
158,1,2,1,0.603524229
158,1,2,2,0.603524229
159,0,0,0,0.002202643
159,0,0,1,0.002202643
159,0,0,2,0.002202643
159,1,0,0,0.028634361
159,1,0,1,0.036343612
159,1,0,2,0.028634361
159,0,1,0,0.215859031
159,0,1,1,0.215859031
159,0,1,2,0.215859031
159,1,1,0,0.460352423
159,1,1,1,0.460352423
159,1,1,2,0.460352423
159,0,2,0,0.215859031
159,0,2,1,0.215859031
159,0,2,2,0.215859031
159,1,2,0,0.460352423
159,1,2,1,0.460352423
159,1,2,2,0.460352423
160,0,0,0,0.002202643
160,0,0,1,0.002202643
160,0,0,2,0.002202643
160,1,0,0,0.028634361
160,1,0,1,0.036343612
160,1,0,2,0.028634361
160,0,1,0,0.215859031
160,0,1,1,0.215859031
160,0,1,2,0.215859031
160,1,1,0,0.460352423
160,1,1,1,0.460352423
160,1,1,2,0.460352423
160,0,2,0,0.215859031
160,0,2,1,0.215859031
160,0,2,2,0.215859031
160,1,2,0,0.460352423
160,1,2,1,0.460352423
160,1,2,2,0.460352423
161,0,0,0,0.002202643
161,0,0,1,0.002202643
161,0,0,2,0.002202643
161,1,0,0,0.028634361
161,1,0,1,0.036343612
161,1,0,2,0.028634361
161,0,1,0,0.215859031
161,0,1,1,0.215859031
161,0,1,2,0.215859031
161,1,1,0,0.460352423
161,1,1,1,0.460352423
161,1,1,2,0.460352423
161,0,2,0,0.215859031
161,0,2,1,0.215859031
161,0,2,2,0.215859031
161,1,2,0,0.460352423
161,1,2,1,0.460352423
161,1,2,2,0.460352423
162,0,0,0,0.002202643
162,0,0,1,0.002202643
162,0,0,2,0.002202643
162,1,0,0,0.035242291
162,1,0,1,0.035242291
162,1,0,2,0.02753304
162,0,1,0,0.221365639
162,0,1,1,0.215859031
162,0,1,2,0.215859031
162,1,1,0,0.45154185
162,1,1,1,0.45154185
162,1,1,2,0.45154185
162,0,2,0,0.215859031
162,0,2,1,0.215859031
162,0,2,2,0.215859031
162,1,2,0,0.45154185
162,1,2,1,0.45154185
162,1,2,2,0.45154185
163,0,0,0,0.002202643
163,0,0,1,0.002202643
163,0,0,2,0.002202643
163,1,0,0,0.02753304
163,1,0,1,0.035242291
163,1,0,2,0.02753304
163,0,1,0,0.215859031
163,0,1,1,0.215859031
163,0,1,2,0.215859031
163,1,1,0,0.45154185
163,1,1,1,0.45154185
163,1,1,2,0.45154185
163,0,2,0,0.215859031
163,0,2,1,0.215859031
163,0,2,2,0.215859031
163,1,2,0,0.45154185
163,1,2,1,0.45154185
163,1,2,2,0.45154185
164,0,0,0,0.002202643
164,0,0,1,0.002202643
164,0,0,2,0.002202643
164,1,0,0,0.176211454
164,1,0,1,0.176211454
164,1,0,2,0.176211454
164,0,1,0,0.215859031
164,0,1,1,0.215859031
164,0,1,2,0.215859031
164,1,1,0,0.603524229
164,1,1,1,0.603524229
164,1,1,2,0.603524229
164,0,2,0,0.215859031
164,0,2,1,0.215859031
164,0,2,2,0.215859031
164,1,2,0,0.603524229
164,1,2,1,0.603524229
164,1,2,2,0.603524229
165,0,0,0,0.002202643
165,0,0,1,0.002202643
165,0,0,2,0.002202643
165,1,0,0,0.176211454
165,1,0,1,0.176211454
165,1,0,2,0.176211454
165,0,1,0,0.215859031
165,0,1,1,0.215859031
165,0,1,2,0.215859031
165,1,1,0,0.603524229
165,1,1,1,0.603524229
165,1,1,2,0.603524229
165,0,2,0,0.215859031
165,0,2,1,0.215859031
165,0,2,2,0.215859031
165,1,2,0,0.603524229
165,1,2,1,0.603524229
165,1,2,2,0.603524229
166,0,0,0,0.002202643
166,0,0,1,0.002202643
166,0,0,2,0.002202643
166,1,0,0,0.026431718
166,1,0,1,0.026431718
166,1,0,2,0.026431718
166,0,1,0,0.215859031
166,0,1,1,0.215859031
166,0,1,2,0.215859031
166,1,1,0,0.442731278
166,1,1,1,0.442731278
166,1,1,2,0.442731278
166,0,2,0,0.215859031
166,0,2,1,0.215859031
166,0,2,2,0.215859031
166,1,2,0,0.442731278
166,1,2,1,0.442731278
166,1,2,2,0.442731278
167,0,0,0,0.002202643
167,0,0,1,0.002202643
167,0,0,2,0.002202643
167,1,0,0,0.02753304
167,1,0,1,0.02753304
167,1,0,2,0.02753304
167,0,1,0,0.215859031
167,0,1,1,0.215859031
167,0,1,2,0.215859031
167,1,1,0,0.45154185
167,1,1,1,0.45154185
167,1,1,2,0.45154185
167,0,2,0,0.215859031
167,0,2,1,0.215859031
167,0,2,2,0.215859031
167,1,2,0,0.45154185
167,1,2,1,0.45154185
167,1,2,2,0.45154185
168,0,0,0,0.002202643
168,0,0,1,0.002202643
168,0,0,2,0.002202643
168,1,0,0,0.036343612
168,1,0,1,0.058370044
168,1,0,2,0.028634361
168,0,1,0,0.215859031
168,0,1,1,0.215859031
168,0,1,2,0.215859031
168,1,1,0,0.460352423
168,1,1,1,0.471365639
168,1,1,2,0.460352423
168,0,2,0,0.215859031
168,0,2,1,0.215859031
168,0,2,2,0.215859031
168,1,2,0,0.460352423
168,1,2,1,0.471365639
168,1,2,2,0.460352423
169,0,0,0,0.002202643
169,0,0,1,0.002202643
169,0,0,2,0.002202643
169,1,0,0,0.057268722
169,1,0,1,0.035242291
169,1,0,2,0.02753304
169,0,1,0,0.215859031
169,0,1,1,0.215859031
169,0,1,2,0.215859031
169,1,1,0,0.462555066
169,1,1,1,0.45154185
169,1,1,2,0.45154185
169,0,2,0,0.215859031
169,0,2,1,0.215859031
169,0,2,2,0.215859031
169,1,2,0,0.462555066
169,1,2,1,0.45154185
169,1,2,2,0.45154185
170,0,0,0,0.002202643
170,0,0,1,0.002202643
170,0,0,2,0.002202643
170,1,0,0,0.101321586
170,1,0,1,0.026431718
170,1,0,2,0.026431718
170,0,1,0,0.215859031
170,0,1,1,0.215859031
170,0,1,2,0.215859031
170,1,1,0,0.523127753
170,1,1,1,0.442731278
170,1,1,2,0.442731278
170,0,2,0,0.215859031
170,0,2,1,0.215859031
170,0,2,2,0.215859031
170,1,2,0,0.523127753
170,1,2,1,0.442731278
170,1,2,2,0.442731278
171,0,0,0,0.002202643
171,0,0,1,0.002202643
171,0,0,2,0.002202643
171,1,0,0,0.198237885
171,1,0,1,0.198237885
171,1,0,2,0.198237885
171,0,1,0,0.215859031
171,0,1,1,0.215859031
171,0,1,2,0.215859031
171,1,1,0,0.625550661
171,1,1,1,0.625550661
171,1,1,2,0.625550661
171,0,2,0,0.215859031
171,0,2,1,0.215859031
171,0,2,2,0.215859031
171,1,2,0,0.625550661
171,1,2,1,0.625550661
171,1,2,2,0.625550661
172,0,0,0,0.002202643
172,0,0,1,0.002202643
172,0,0,2,0.002202643
172,1,0,0,0.176211454
172,1,0,1,0.176211454
172,1,0,2,0.176211454
172,0,1,0,0.215859031
172,0,1,1,0.215859031
172,0,1,2,0.215859031
172,1,1,0,0.567180617
172,1,1,1,0.567180617
172,1,1,2,0.567180617
172,0,2,0,0.215859031
172,0,2,1,0.215859031
172,0,2,2,0.215859031
172,1,2,0,0.567180617
172,1,2,1,0.567180617
172,1,2,2,0.567180617
173,0,0,0,0.002202643
173,0,0,1,0.002202643
173,0,0,2,0.002202643
173,1,0,0,0.026431718
173,1,0,1,0.026431718
173,1,0,2,0.026431718
173,0,1,0,0.215859031
173,0,1,1,0.215859031
173,0,1,2,0.215859031
173,1,1,0,0.416299559
173,1,1,1,0.416299559
173,1,1,2,0.416299559
173,0,2,0,0.215859031
173,0,2,1,0.215859031
173,0,2,2,0.215859031
173,1,2,0,0.416299559
173,1,2,1,0.416299559
173,1,2,2,0.416299559
174,0,0,0,0.002202643
174,0,0,1,0.002202643
174,0,0,2,0.002202643
174,1,0,0,0.02753304
174,1,0,1,0.02753304
174,1,0,2,0.02753304
174,0,1,0,0.215859031
174,0,1,1,0.215859031
174,0,1,2,0.215859031
174,1,1,0,0.416299559
174,1,1,1,0.416299559
174,1,1,2,0.416299559
174,0,2,0,0.215859031
174,0,2,1,0.215859031
174,0,2,2,0.215859031
174,1,2,0,0.416299559
174,1,2,1,0.416299559
174,1,2,2,0.416299559
175,0,0,0,0.024229075
175,0,0,1,0.024229075
175,0,0,2,0.024229075
175,1,0,0,0.066079295
175,1,0,1,0.088105727
175,1,0,2,0.066079295
175,0,1,0,0.215859031
175,0,1,1,0.237885463
175,0,1,2,0.215859031
175,1,1,0,0.447136564
175,1,1,1,0.45814978
175,1,1,2,0.447136564
175,0,2,0,0.237885463
175,0,2,1,0.237885463
175,0,2,2,0.237885463
175,1,2,0,0.447136564
175,1,2,1,0.45814978
175,1,2,2,0.447136564
176,0,0,0,0.002202643
176,0,0,1,0.002202643
176,0,0,2,0.002202643
176,1,0,0,0.057268722
176,1,0,1,0.101321586
176,1,0,2,0.035242291
176,0,1,0,0.179515419
176,0,1,1,0.303964758
176,0,1,2,0.179515419
176,1,1,0,0.4030837
176,1,1,1,0.584801762
176,1,1,2,0.389867841
176,0,2,0,0.179515419
176,0,2,1,0.303964758
176,0,2,2,0.179515419
176,1,2,0,0.4030837
176,1,2,1,0.584801762
176,1,2,2,0.389867841
177,0,0,0,0.002202643
177,0,0,1,0.002202643
177,0,0,2,0.002202643
177,1,0,0,0.057268722
177,1,0,1,0.026431718
177,1,0,2,0.026431718
177,0,1,0,0.179515419
177,0,1,1,0.179515419
177,0,1,2,0.179515419
177,1,1,0,0.4030837
177,1,1,1,0.389867841
177,1,1,2,0.389867841
177,0,2,0,0.179515419
177,0,2,1,0.179515419
177,0,2,2,0.179515419
177,1,2,0,0.4030837
177,1,2,1,0.389867841
177,1,2,2,0.389867841
178,0,0,0,0.002202643
178,0,0,1,0.002202643
178,0,0,2,0.002202643
178,1,0,0,0.172907489
178,1,0,1,0.172907489
178,1,0,2,0.172907489
178,0,1,0,0.179515419
178,0,1,1,0.179515419
178,0,1,2,0.179515419
178,1,1,0,0.567180617
178,1,1,1,0.567180617
178,1,1,2,0.567180617
178,0,2,0,0.179515419
178,0,2,1,0.179515419
178,0,2,2,0.179515419
178,1,2,0,0.567180617
178,1,2,1,0.567180617
178,1,2,2,0.567180617
179,0,0,0,0.002202643
179,0,0,1,0.002202643
179,0,0,2,0.002202643
179,1,0,0,0.176211454
179,1,0,1,0.176211454
179,1,0,2,0.176211454
179,0,1,0,0.179515419
179,0,1,1,0.179515419
179,0,1,2,0.179515419
179,1,1,0,0.567180617
179,1,1,1,0.567180617
179,1,1,2,0.567180617
179,0,2,0,0.179515419
179,0,2,1,0.179515419
179,0,2,2,0.179515419
179,1,2,0,0.567180617
179,1,2,1,0.567180617
179,1,2,2,0.567180617
180,0,0,0,0.002202643
180,0,0,1,0.002202643
180,0,0,2,0.002202643
180,1,0,0,0.101321586
180,1,0,1,0.026431718
180,1,0,2,0.026431718
180,0,1,0,0.179515419
180,0,1,1,0.179515419
180,0,1,2,0.179515419
180,1,1,0,0.486784141
180,1,1,1,0.526431718
180,1,1,2,0.416299559
180,0,2,0,0.179515419
180,0,2,1,0.179515419
180,0,2,2,0.179515419
180,1,2,0,0.486784141
180,1,2,1,0.416299559
180,1,2,2,0.416299559
